AÑO,MES,CONGLOME,VIVIENDA,HOGAR,DOMINIO,UBIGEO,ESTRATO,PERIODO,TIPENC,FECENT,RESULT,PANEL,P22,P23,P24A,P24B,P25$1,P25$2,P25$3,P25$4,P25$5,P101,P102,P103,P103A,P104,P104A,P104B1,P104B2,P105A,P105B,P106,P106A,P106B,P107B1,P107C11,P107C12,P107C13,P107C14,P107C16,P107C17,P107C18,P107C19,P107C110,P107D1,P107B2,P107C21,P107C22,P107C23,P107C24,P107C26,P107C27,P107C28,P107C29,P107C210,P107D2,P107B3,P107C31,P107C32,P107C33,P107C34,P107C36,P107C37,P107C38,P107C39,P107C310,P107D3,P107B4,P107C41,P107C42,P107C43,P107C44,P107C46,P107C47,P107C48,P107C49,P107C410,P107D4,P107E,P110,P110A1,P110A,P110A_MODIFICADA,P110C,P110C1,P110C2,P110C3,P110D,P110E,P110F,P110G,P111A,P1121,P1123,P1124,P1125,P1126,P1127,P112A,P1131,P1132,P1133,P1135,P1136,P1139,P1137,P1138,P113A,P1141,P1142,P1143,P1144,P1145,P114B1,P114B2,P114B3,P1171$01,P1171$02,P1171$04,P1171$05,P1171$06,P1171$07,P1171$08,P1171$09,P1171$10,P1171$11,P1171$12,P1171$13,P1171$14,P1171$15,P1171$16,P1171$17,P1172$01,P1172$02,P1172$04,P1172$05,P1172$06,P1172$07,P1172$08,P1172$09,P1172$10,P1172$11,P1172$12,P1172$13,P1172$14,P1172$15,P1172$16,P1172$17,P1173$01,P1173$02,P1173$04,P1173$05,P1173$06,P1173$07,P1173$08,P1173$09,P1173$10,P1173$11,P1173$12,P1173$13,P1173$14,P1173$15,P1173$16,P1173$17,P1174$01,P1174$02,P1174$04,P1174$05,P1174$06,P1174$07,P1174$08,P1174$09,P1174$10,P1174$11,P1174$12,P1174$13,P1174$14,P1174$15,P1174$16,P1174$17,P1175$01,P1175$02,P1175$04,P1175$05,P1175$06,P1175$07,P1175$08,P1175$09,P1175$10,P1175$11,P1175$12,P1175$13,P1175$14,P1175$15,P1175$16,P1175$17,P117T2,P117T3,P117T4,T110,P200I,P600I,P600D1,P600M1,P600A1,P600D2,P600M2,P600A2,P612I1,P612I11,P612I2,P612I22,P700I,P710I,P800I,P110I,TICUEST01,D105B,D106,D107D1,D107D2,D107D3,D107D4,D1172$01,D1173$01,D1174$01,D1172$02,D1173$02,D1174$02,D1172$04,D1173$04,D1174$04,D1172$05,D1173$05,D1174$05,D1172$06,D1173$06,D1174$06,D1172$07,D1173$07,D1174$07,D1172$08,D1173$08,D1174$08,D1172$09,D1173$09,D1174$09,D1172$10,D1173$10,D1174$10,D1172$15,D1173$15,D1174$15,D1172$16,D1173$16,D1174$16,D612I11,D1172$11,D1173$11,D1174$11,D1172$12,D1173$12,D1174$12,D1172$13,D1173$13,D1174$13,D1172$14,D1173$14,D1174$14,D1172$17,D1173$17,D1174$17,D612I22,I105B,I106,I1172$01,I1172$02,I1172$04,I1172$05,I1172$06,I1172$07,I1172$08,I1172$09,I1172$10,I1172$11,I1172$12,I1172$13,I1172$14,I1172$17,I1172$15,I1172$16,I1173$01,I1174$01,I1173$02,I1174$02,I1173$04,I1174$04,I1173$05,I1174$05,I1173$06,I1174$06,I1173$07,I1174$07,I1173$08,I1174$08,I1173$09,I1174$09,I1173$10,I1174$10,I1173$11,I1174$11,I1173$12,I1174$12,I1173$13,I1174$13,I1173$14,I1174$14,I1173$15,I1174$15,I1173$16,I1174$16,I1173$17,I1174$17,T111A,NBI1,NBI2,NBI3,NBI4,NBI5,FACTOR07,NCONGLOME,SUB_CONGLOME,CODCCPP,NOMCCPP,LONGITUD,LATITUD,ALTITUD
2024,09,015006,013,11,4,010101,4,2,1,20240904,1, ,2, ,3,3,0,1,0,1,0,1,3,5,4,6,3,2,2,2, ,120,2, ,2, , , , , , , , , , ,2, , , , , , , , , , ,2, , , , , , , , , , ,2, , , , , , , , , , , ,1,1,2,.400000005960464,2, ,2,1,2,3,1,1,1,1,0,0,0,0,0,1,0,1,0,0,1,0,0,0,2,0,1,0,1,0,0,0,1,1,1,1,0,0,0,1,0,0,0,1,0,1,0,0,0,15,19,52, , , ,0, , , ,10, ,0, , , ,0,0,0, , , ,0, , , ,0, ,0, , , , , ,0, , , ,0, , , , , , , , , ,0,0,0,0,0,0,2,0,0,0,0,0,4,0,0,0,96,0,0,1,02,02,19,08,2024,02,09,2024,2, ,2, ,02,02,02,02,2, ,1431, , , , ,179,0, ,227,0, ,620,0,0, , , , , , , , , ,0,0,0, , , , , , , , , , , , , , , , ,120,0, , , , ,0,0, , , , , , ,1431,179,227,620, , , ,0, , , ,120, ,0, , , ,0, ,0, ,0,0, , , , , , ,0,0, , , , , , ,0, , , ,0, , , , , , , ,1,0,0,0,0,0,112.07495880127,07071,01,0001,ASENTAMIENTO HUMANO PEDRO CASTRO ALVA,-77.865565918,-6.213713697,2420.43267584
2024,09,015006,076,11,4,010101,4,2,1,20240904,1, ,2, ,3,3,0,1,0,1,0,1,1,5,1,1,0,2,2,1,210, , , ,2, , , , , , , , , , ,2, , , , , , , , , , ,2, , , , , , , , , , ,2, , , , , , , , , , , ,1,1,1,1.39999997615814,2, ,2,1,2,3,1,1,1,1,0,0,0,0,0,1,0,1,0,0,1,0,0,0,2,0,1,1,1,0,0,0,1,1,1,1,0,0,0,1,0,0,0,1,1,1,0,0,0,40,40,47, , , ,25, , , ,8,25,0, , , ,0,0,0, , , ,0, , , ,0,0,0, , , , , ,0, , , ,0, , , , , , , , , ,0,0,0,0,0,0,0,0,0,0,0,0,4,0,0,0,185,0,0,1,01,01,20,08,2024,03,09,2024,2, ,2, ,01,01,01,01,2,2504, , , , , ,477,0, ,477,0, ,560,0,0, , , , , , , , , ,298,0,0, , , , , , , , , , , , , , , , ,96,0, ,301,0, ,0,0, , , , , ,2504, ,477,477,560, , , ,298, , , ,96,301,0, , , ,0, ,0, ,0,0, , , , , , ,0,0, , , , , , ,0, ,0, ,0, , , , , , , ,1,0,0,0,0,0,112.07495880127,07071,01,0001,ASENTAMIENTO HUMANO PEDRO CASTRO ALVA,-77.865565918,-6.213713697,2420.43267584
2024,06,015014,039,11,4,010101,4,3,3,20240615,1,1,2, ,2,3,0,1,0,1,0,1,1,5,1,1,1,2,2,2, ,140,2, ,2, , , , , , , , , , ,2, , , , , , , , , , ,2, , , , , , , , , , ,2, , , , , , , , , , , ,1,1,1,.800000011920929,2, ,6,24,2,1,1,1,1,1,0,0,0,0,0,2,0,0,0,0,0,0,0,1, ,0,1,0,1,0,0,1,0,1,1,0,0,0,0,0,0,0,0,1,0,1,0,0,0,9,0, , , , , , , , ,36, ,0, , , ,0,5, , , , , , , , ,0, ,0, , , , , , , , , , , , , , , , , , , ,0,0,0,0,0,0,0,0,0,0,0,0,4,0,0,0,45,5,0,1,01,01,30,05,2024,13,06,2024,2, ,2, ,01,01,01,01,2, ,1682, , , , ,108,0, ,0,60, , , , , , , , , , , , , , , , , , , , , , , , , , , , , , , , ,434,0, , , , ,0,0, , , , , , ,1682,108,0, , , , , , , , ,434, ,0, , , ,0, ,60, , , , , , , , , , , , , , , , , ,0, , , ,0, , , , , , , ,1,0,0,0,0,0,69.4570999145508,07072,01,0001,ASENTAMIENTO HUMANO PEDRO CASTRO ALVA,-77.867071289,-6.217640367,2383.11025426
2024,06,015014,068,11,4,010101,4,3,3,20240618,1,1,2, ,1,3,0,1,0,1,0,1,1,5,1,3,3,2,2,6, ,295, , ,2, , , , , , , , , , ,2, , , , , , , , , , ,2, , , , , , , , , , ,2, , , , , , , , , , , ,1,1,1,1.60000002384186,2, ,2,2,1,1,1,1,1,1,0,0,0,0,0,2,0,1,0,0,1,0,0,0,2,0,1,0,1,0,1,0,1,1,1,1,0,0,0,1,0,0,0,1,0,1,0,0,0,13,16,72, , , ,0, , , ,13, ,59, , , ,0,0,0, , , ,0, , , ,0, ,0, , , , , ,0, , , ,0, , , , , , , , , ,0,0,0,0,0,0,2,0,0,0,0,0,0,0,0,0,173,0,0,1,02,02,28,05,2024,11,06,2024,2, ,2, ,02,02,02,02,2, ,3545, , , , ,156,0, ,192,0, ,865,0,0, , , , , , , , , ,0,0,0, , , , , , , , , , , , , , , , ,157,0, , , , ,712,0, , , , , , ,3545,156,192,865, , , ,0, , , ,157, ,712, , , ,0, ,0, ,0,0, , , , , , ,0,0, , , , , , ,0, , , ,0, , , , , , , ,1,0,0,0,0,0,69.4570999145508,07072,01,0001,ASENTAMIENTO HUMANO PEDRO CASTRO ALVA,-77.867071289,-6.217640367,2383.11025426
2024,06,015014,082,11,4,010101,4,3,3,20240620,1,2,2, ,3,3,0,1,0,1,0,1,1,5,4,1,1,2,2,6, ,205, , ,2, , , , , , , , , , ,2, , , , , , , , , , ,2, , , , , , , , , , ,2, , , , , , , , , , , ,1,1,3,0,2, ,3,4,1,3,1,1,1,1,0,0,0,0,0,2,0,1,0,0,0,0,0,0,2,0,1,0,1,0,0,1,0,1,1,1,0,0,0,0,0,0,0,1,0,1,0,0,0,45,72,57, , , , , , , ,36, ,0, , , ,0,0,0, , , , , , , ,0, ,0, , , , , ,0, , , , , , , , , , , , , ,0,0,0,0,0,0,0,0,0,0,0,0,4,0,0,0,210,0,0,1,01,01,27,05,2024,10,06,2024,2, ,2, ,01,01,01,01,2, ,2463, , , , ,541,0, ,865,0, ,685,0,0, , , , , , , , , , , , , , , , , , , , , , , , , , , , ,434,0, , , , ,0,0, , , , , , ,2463,541,865,685, , , , , , , ,434, ,0, , , ,0, ,0, ,0,0, , , , , , , , , , , , , , ,0, , , ,0, , , , , , , ,1,0,1,0,0,0,69.4570999145508,07072,01,0001,ASENTAMIENTO HUMANO PEDRO CASTRO ALVA,-77.867071289,-6.217640367,2383.11025426
2024,06,015014,096,11,4,010101,4,3,3,20240619,1,1,2, ,1,1,0,1,0,1,0,1,3,5,4,6,2,2,2,2, ,70,2, ,2, , , , , , , , , , ,2, , , , , , , , , , ,2, , , , , , , , , , ,2, , , , , , , , , , , ,1,1,1,.800000011920929,1,8, , ,2,1,1,1,1,1,0,0,0,0,0,1,0,0,0,0,1,0,0,0,6,0,1,0,1,0,0,0,1,1,1,0,0,0,0,1,0,0,0,1,0,1,0,0,0,6,18, , , , ,0, , , ,14, ,0, , , ,0,0, , , , ,38, , , ,0, ,0, , , , , , , , , ,0, , , , , , , , , ,0,0,0,0,0,0,0,0,0,0,0,0,4,0,0,0,38,38,0,1,01,01,27,05,2024,10,06,2024,2, ,2, ,01,01,01,01,2, ,841, , , , ,72,0, ,216,0, , , , , , , , , , , , , ,0,457,0, , , , , , , , , , , , , , , , ,169,0, , , , ,0,0, , , , , , ,841,72,216, , , , ,0, , , ,169, ,0, , , ,0, ,0, , , , , , , , , ,457,0, , , , , , ,0, , , ,0, , , , , , , ,1,0,0,0,0,0,69.4570999145508,07072,01,0001,ASENTAMIENTO HUMANO PEDRO CASTRO ALVA,-77.867071289,-6.217640367,2383.11025426
2024,01,015024,039,11,4,010101,4,1,1,20240117,1, ,2, ,1,3,0,1,0,1,0,1,3,5,4,3,2,2,2,2, ,70,2, ,2, , , , , , , , , , ,2, , , , , , , , , , ,2, , , , , , , , , , ,2, , , , , , , , , , , ,1,1,2,.200000002980232,2, ,3,4,1,3,1,1,1,1,0,0,0,0,0,2,0,1,0,0,1,0,1,0,2,0,1,0,1,0,0,1,0,1,1,1,0,0,0,1,0,0,0,1,0,1,1,0,0,6,5,71, , , ,0, , , ,38, ,0,0, , ,0,0,0, , , ,0, , , ,0, ,0,0, , , , ,0, , , ,0, , , , , , ,0, , ,0,0,0,0,0,0,2,0,0,0,0,0,4,2,0,0,120,0,0,1,01,01,02,01,2024,16,01,2024,2, ,2, ,01,01,01,01,2, ,855, , , , ,73,0, ,61,0, ,867,0,0, , , , , , , , , ,0,0,0, , , , , , ,0,0,0, , , , , , , ,442,0, , , , ,0,0, , , , , , ,855,73,61,867, , , ,0, , , ,442, ,0, ,0, ,0, ,0, ,0,0, , , , , , ,0,0, , , , , , ,0, , , ,0, ,0,0, , , , ,1,0,0,0,0,0,263.821685791016,07073,01,0001,ASENTAMIENTO HUMANO PEDRO CASTRO ALVA,-77.866251653,-6.219789096,2365.03256481
2024,04,015001,024,11,4,010101,4,1,1,20240408,1, ,2, ,1,1,0,0,0,1,0,1,3,5,4,3,2,2,2,2, ,150,3, ,2, , , , , , , , , , ,2, , , , , , , , , , ,2, , , , , , , , , , ,2, , , , , , , , , , , ,1,1,3,0,2, ,1,10,1,3,1,1,1,1,0,0,0,0,0,1,0,1,0,0,1,0,0,0,2,0,1,0,1,0,0,0,1,1,1,1,0,0,0,1,0,0,0,1,0,1,0,0,0,10,39,23, , , ,0, , , ,10, ,0, , , ,0,0,0, , , ,0, , , ,0, ,0, , , , , ,0, , , ,0, , , , , , , , , ,0,0,0,0,0,0,2,0,0,0,0,0,4,0,0,0,82,0,0,1,01,01,19,03,2024,02,04,2024,2, ,2, ,01,01,01,01,2, ,1827, , , , ,122,0, ,475,0, ,280,0,0, , , , , , , , , ,0,0,0, , , , , , , , , , , , , , , , ,119,0, , , , ,0,0, , , , , , ,1827,122,475,280, , , ,0, , , ,119, ,0, , , ,0, ,0, ,0,0, , , , , , ,0,0, , , , , , ,0, , , ,0, , , , , , , ,1,0,0,0,0,0,225.326202392578,07060,00,0001,ASENTAMIENTO HUMANO SANTO TORIBIO DE MOG,-77.877449219,-6.228393792,2392.85282235
2024,04,015001,085,11,4,010101,4,1,1,20240406,1, ,2, ,3,3,0,1,0,1,0,1,1,5,1,7,4,2,1,2, ,2820,3, ,2, , , , , , , , , , ,2, , , , , , , , , , ,2, , , , , , , , , , ,2, , , , , , , , , , , ,1,2,3,0,2, ,3,24,1,5,1,1,1,1,0,0,0,0,0,1,1,1,0,0,1,0,0,0,2,0,1,1,1,0,1,1,0,1,1,1,0,0,0,1,0,0,0,1,1,1,0,0,0,23,67,43, , , ,0, , , ,82,48,73, , , ,0,0,0, , , ,0, , , ,0,0,0, , , , , ,0, , , ,0, , , , , , , , , ,0,0,0,0,0,0,2,0,0,0,0,0,0,0,0,0,336,0,0,1,01,01,21,03,2024,04,04,2024,2, ,2, ,02,02,02,01,2, ,34345, , , , ,280,0, ,816,0, ,524,0,0, , , , , , , , , ,0,0,0, , , , , , , , , , , , , , , , ,978,0, ,573,0, ,871,0, , , , , , ,34345,280,816,524, , , ,0, , , ,978,573,871, , , ,0, ,0, ,0,0, , , , , , ,0,0, , , , , , ,0, ,0, ,0, , , , , , , ,1,0,0,0,0,0,225.326202392578,07060,00,0001,ASENTAMIENTO HUMANO SANTO TORIBIO DE MOG,-77.877449219,-6.228393792,2392.85282235
2024,12,020759,030,11,4,010101,4,2,1,20241209,1, ,2, ,3,1,1,0,0,1,0,1,3,5,4,3,3,2,2,2, ,260,2, ,2, , , , , , , , , , ,2, , , , , , , , , , ,1,0,0,3,0,0,0,0,0,0,15000,2, , , , , , , , , , ,2,6, ,3,0, , , , ,1,5, , ,4,1,0,0,0,0,0,2,0,1,0,0,1,0,0,0,2,0,1,0,1,0,1,1,1,1,1,1,0,0,0,1,0,0,0,1,0,1,0,0,0,0,14,92, , , ,0, , , ,128, ,31, , , ,0,0,0, , , ,42, , , ,0, ,0, , , , , ,0, , , ,0, , , , , , , , , ,2,0,0,0,0,0,0,0,0,0,0,0,0,0,0,0,265,42,0,6,02,02,22,11,2024,06,12,2024,2, ,1,2000,01,01,01,02,2, ,3070, , ,15053, ,0,0, ,165,0, ,1086,0,0, , , , , , , , , ,0,496,0, , , , , , , , , , , , , , , , ,1547,0, , , , ,375,0, , , , ,2001, ,3070,0,165,1086, , , ,0, , , ,1547, ,375, , , ,0, ,0, ,0,0, , , , , , ,496,0, , , , , , ,0, , , ,0, , , , , , , ,4,0,0,0,0,0,209.651229858398,45080,00,0001,BARRIO SANTA ROSA,-77.860493419,-6.208849506,2469.83397405
2024,12,020759,061,11,4,010101,4,2,1,20241218,1, ,2, ,3,3,0,1,0,0,0,1,3,6,4,2,2,2,2,3, ,75,2, ,2, , , , , , , , , , ,2, , , , , , , , , , ,2, , , , , , , , , , ,2, , , , , , , , , , , ,5, ,3,0, , , , ,1,3, , ,4,1,0,0,0,0,0,1,0,1,0,0,1,0,0,0,2,0,1,0,1,0,0,1,1,1,1,1,0,0,0,1,0,0,0,1,0,1,0,0,0,0,11,37, , , ,0, , , ,49, ,0, , , ,0,0,0, , , ,0, , , ,0, ,0, , , , , ,0, , , ,0, , , , , , , , , ,2,0,0,0,0,0,2,0,0,0,0,0,4,0,0,0,97,0,0,5,01,01,03,12,2024,17,12,2024,2, ,2, ,01,01,01,01,2, ,885, , , , ,0,0, ,130,0, ,437,0,0, , , , , , , , , ,0,0,0, , , , , , , , , , , , , , , , ,592,0, , , , ,0,0, , , , , , ,885,0,130,437, , , ,0, , , ,592, ,0, , , ,0, ,0, ,0,0, , , , , , ,0,0, , , , , , ,0, , , ,0, , , , , , , ,4,0,0,0,0,0,209.651229858398,45080,00,0001,BARRIO SANTA ROSA,-77.860493419,-6.208849506,2469.83397405
2024,12,020759,071,11,4,010101,4,2,1,20241205,1, ,2, ,1,1,1,0,0,1,0,1,3,5,4,2,1,2,2,2, ,190,2, ,2, , , , , , , , , , ,2, , , , , , , , , , ,2, , , , , , , , , , ,2, , , , , , , , , , , ,6, ,3,0, , , , ,1,5, , ,4,1,0,0,0,0,0,1,1,1,0,0,0,0,0,0,2,0,1,0,1,0,1,1,0,1,1,1,0,0,0,0,0,0,0,1,0,1,0,0,0,0,93,58, , , , , , , ,107, ,34, , , ,0,0,0, , , , , , , ,0, ,0, , , , , ,0, , , , , , , , , , , , , ,2,0,0,0,0,0,0,0,0,0,0,0,0,0,0,0,292,0,0,6,02,02,20,11,2024,04,12,2024,2, ,2, ,02,02,02,02,2, ,2243, , , , ,0,0, ,1098,0, ,685,0,0, , , , , , , , , , , , , , , , , , , , , , , , , , , , ,1294,0, , , , ,411,0, , , , , , ,2243,0,1098,685, , , , , , , ,1294, ,411, , , ,0, ,0, ,0,0, , , , , , , , , , , , , , ,0, , , ,0, , , , , , , ,4,0,0,0,0,0,209.651229858398,45080,00,0001,BARRIO SANTA ROSA,-77.860493419,-6.208849506,2469.83397405
2024,12,020759,082,11,4,010101,4,2,1,20241218,1, ,2, ,3,2,0,1,0,1,0,1,3,5,4,3,1,2,2,3, ,45,2, ,2, , , , , , , , , , ,2, , , , , , , , , , ,2, , , , , , , , , , ,2, , , , , , , , , , , ,5, ,3,0, , , , ,1,3, , ,4,1,0,0,0,0,0,1,0,0,0,0,0,0,0,1, ,0,1,0,1,0,0,0,1,1,1,0,0,0,0,0,0,0,0,1,0,1,0,0,0,0,5, , , , , , , , ,4, ,0, , , ,0,0, , , , , , , , ,0, ,0, , , , , , , , , , , , , , , , , , , ,2,0,0,0,0,0,0,0,0,0,0,0,4,0,0,0,9,0,0,5,01,01,03,12,2024,17,12,2024,2, ,2, ,01,01,01,01,2, ,531, , , , ,0,0, ,59,0, , , , , , , , , , , , , , , , , , , , , , , , , , , , , , , , ,48,0, , , , ,0,0, , , , , , ,531,0,59, , , , , , , , ,48, ,0, , , ,0, ,0, , , , , , , , , , , , , , , , , ,0, , , ,0, , , , , , , ,4,0,0,0,0,0,209.651229858398,45080,00,0001,BARRIO SANTA ROSA,-77.860493419,-6.208849506,2469.83397405
2024,03,015008,183,11,4,010101,4,2,1,20240330,1, ,2, ,3,2,0,1,0,1,0,1,3,5,3,4,3,2,2,2, ,220,2, ,2, , , , , , , , , , ,2, , , , , , , , , , ,2, , , , , , , , , , ,2, , , , , , , , , , , ,1,1,1,1.60000002384186,2, ,4,13,1,1,1,1,1,1,0,0,0,0,0,1,0,1,0,0,1,0,1,0,2,0,1,0,1,0,0,1,1,1,1,1,0,0,0,1,0,0,0,1,0,1,1,0,0,73,45,66, , , ,0, , , ,36, ,0,0, , ,0,0,0, , , ,0, , , ,0, ,0,0, , , , ,0, , , ,0, , , , , , ,0, , ,0,0,0,0,0,0,2,0,0,0,0,0,4,2,0,0,220,0,0,1,01,01,03,03,2024,17,03,2024,2, ,2, ,01,01,01,01,2, ,2687, , , , ,892,0, ,550,0, ,806,0,0, , , , , , , , , ,0,0,0, , , , , , ,0,0,0, , , , , , , ,430,0, , , , ,0,0, , , , , , ,2687,892,550,806, , , ,0, , , ,430, ,0, ,0, ,0, ,0, ,0,0, , , , , , ,0,0, , , , , , ,0, , , ,0, ,0,0, , , , ,1,0,0,0,0,0,197.866256713867,07087,00,0001,BARRIO TUCTILLA,-77.853072459,-6.231856312,2344.87165033
2024,05,015003,156,11,4,010101,4,1,1,20240523,1, ,2, ,1,1,0,1,0,1,0,1,1,3,1,2,1,3,3,1,680, , , ,2, , , , , , , , , , ,2, , , , , , , , , , ,2, , , , , , , , , , ,2, , , , , , , , , , , ,1,1,1,.600000023841858,1,24, , ,1,1,1,1,1,1,0,0,0,0,0,2,1,1,0,0,0,0,0,0,2,0,1,0,1,0,1,1,0,1,1,1,0,0,0,0,0,0,0,1,0,1,0,0,0,0,0,23, , , , , , , ,58, ,0, , , ,0,0,0, , , , , , , ,0, ,0, , , , , ,0, , , , , , , , , , , , , ,1,1,0,0,0,0,0,0,0,0,0,0,1,0,0,0,81,0,0,1,02,02,19,04,2024,03,05,2024,2, ,2, ,02,02,02,02,2,8272, , , , , ,0,0, ,0,0, ,280,0,0, , , , , , , , , , , , , , , , , , , , , , , , , , , , ,699,0, , , , ,0,0, , , , , ,8272, ,0,0,280, , , , , , , ,699, ,0, , , ,0, ,0, ,0,0, , , , , , , , , , , , , , ,0, , , ,0, , , , , , , ,1,0,0,0,0,0,69.4570999145508,07075,00,0001,CIUDAD CHACHAPOYAS,-77.867898438,-6.225479722,2314.01168854
2024,07,015004,161,11,4,010101,4,1,1,20240629,1, ,2, ,3,3,1,0,1,1,0,1,3,5,4,1,1,2,2,2, ,75,1,2,2, , , , , , , , , , ,2, , , , , , , , , , ,2, , , , , , , , , , ,2, , , , , , , , , , , ,1,1,1,1.39999997615814,1,24, , ,1,1,1,1,1,1,0,0,0,0,0,1,0,1,0,0,0,0,0,0,2,0,1,0,1,0,0,0,1,1,1,1,0,0,0,0,0,0,0,1,0,1,0,0,0,0,10,32, , , , , , , ,5, ,0, , , ,6,0,0, , , , , , , ,0, ,0, , , , , ,0, , , , , , , , , , , , , ,0,0,0,0,0,0,0,0,0,0,0,0,4,0,0,0,47,6,0,1,01,01,14,06,2024,28,06,2024,2, ,2, ,01,01,01,01,2, ,901, , , , ,0,72, ,120,0, ,385,0,0, , , , , , , , , , , , , , , , , , , , , , , , , , , , ,60,0, , , , ,0,0, , , , , , ,901,0,120,385, , , , , , , ,60, ,0, , , ,72, ,0, ,0,0, , , , , , , , , , , , , , ,0, , , ,0, , , , , , , ,1,0,0,0,0,0,84.0562210083008,07088,00,0001,CIUDAD CHACHAPOYAS,-77.857907715,-6.233498467,2354.92889385
2024,04,015007,054,11,4,010101,4,2,1,20240411,1, ,2, ,1,1,1,0,1,1,0,1,1,5,4,7,2,1,2,2, ,470,2, ,2, , , , , , , , , , ,2, , , , , , , , , , ,1,0,2,0,0,0,0,0,0,0,4000,2, , , , , , , , , , ,2,1,1,1,1.39999997615814,1,24, , ,1,1,1,1,1,1,0,0,0,0,0,2,0,0,0,0,0,0,0,1, ,0,1,1,1,0,0,1,0,1,1,0,0,0,0,0,0,0,0,1,1,1,0,0,0,19,67, , , , , , , , ,58,48,0, , , ,0,0, , , , , , , , ,0,0,0, , , , , , , , , , , , , , , , , , , ,0,0,0,0,0,0,0,0,0,0,0,0,4,0,0,0,192,0,0,1,01,01,27,03,2024,10,04,2024,2, ,2, ,01,01,01,01,2, ,5724, , ,4094, ,231,0, ,816,0, , , , , , , , , , , , , , , , , , , , , , , , , , , , , , , , ,692,0, ,573,0, ,0,0, , , , , , ,5724,231,816, , , , , , , , ,692,573,0, , , ,0, ,0, , , , , , , , , , , , , , , , , ,0, ,0, ,0, , , , , , , ,1,0,0,0,0,0,69.4570999145508,07095,00,0001,CIUDAD CHACHAPOYAS,-77.873530426,-6.230657374,2337.9238905
2024,03,015008,029,11,4,010101,4,2,1,20240327,1, ,2, ,3,3,0,1,0,1,0,1,3,5,3,3,2,2,2,2, ,190,1,1,2, , , , , , , , , , ,2, , , , , , , , , , ,2, , , , , , , , , , ,2, , , , , , , , , , , ,1,1,1,1.39999997615814,1,23, , ,1,1,1,1,1,1,0,0,0,0,0,1,0,1,0,0,1,0,1,0,2,0,0,0,0,1, , , ,1,1,1,0,0,0,1,0,0,0,0,0,0,1,0,0,7,6,29, , , ,0, , , , , , ,0, , ,0,0,0, , , ,0, , , , , , ,0, , , , ,0, , , ,0, , , , , , ,0, , ,0,0,0,0,0,0,2,0,0,0,0,0,0,2,0,0,42,0,0,1,01,01,27,02,2024,12,03,2024,2, ,2, ,01,01,01,01,2, ,2321, , , , ,86,0, ,73,0, ,354,0,0, , , , , , , , , ,0,0,0, , , , , , ,0,0,0, , , , , , , , , , , , , , , , , , , , , ,2321,86,73,354, , , ,0, , , , , , , ,0, ,0, ,0, ,0,0, , , , , , ,0,0, , , , , , , , , , , , ,0,0, , , , ,1,0,0,0,0,0,197.866256713867,07087,00,0001,CIUDAD CHACHAPOYAS,-77.853072459,-6.231856312,2344.87165033
2024,03,015008,116,11,4,010101,4,2,1,20240327,1, ,1,010516,3,2,1,0,1,1,0,1,3,5,4,6,4,2,2,2, ,940,3, ,2, , , , , , , , , , ,2, , , , , , , , , , ,1,0,0,3,0,0,0,0,0,0,5000,2, , , , , , , , , , ,2,1,1,1,1.20000004768372,1,24, , ,1,5,1,1,1,1,0,0,0,0,0,1,0,1,0,1,0,0,0,0,2,0,1,1,1,0,1,1,1,1,1,1,0,0,1,0,0,0,0,1,1,1,0,0,0,36,116,42, , ,7, , , , ,168,48,48, , , ,0,0,0, , ,0, , , , ,0,0,0, , , , , ,0, , ,0, , , , , , , , , , ,0,0,0,0,0,0,0,0,0,0,0,0,0,0,0,0,465,0,0,1,01,01,27,02,2024,12,03,2024,2, ,2, ,01,01,01,01,2, ,11482, , ,5116, ,440,0, ,1417,0, ,513,0,0, , , , , , ,86,0,0, , , , , , , , , , , , , , , , , , , ,2006,0, ,573,0, ,573,0, , , , , , ,11482,440,1417,513, , ,86, , , , ,2006,573,573, , , ,0, ,0, ,0,0, , , , ,0,0, , , , , , , , ,0, ,0, ,0, , , , , , , ,1,0,0,0,0,0,197.866256713867,07087,00,0001,CIUDAD CHACHAPOYAS,-77.853072459,-6.231856312,2344.87165033
2024,01,015009,013,11,4,010101,4,1,1,20240116,1, ,1,010602,3,3,1,0,1,1,0,1,1,2,1,4,2,1,1,2, ,750,1,1,2, , , , , , , , , , ,2, , , , , , , , , , ,2, , , , , , , , , , ,2, , , , , , , , , , , ,1,1,1,1.20000004768372,1,24, , ,1,1,1,1,1,1,0,0,0,0,0,1,0,1,0,0,0,0,0,0,2,0,1,0,1,0,0,1,1,1,1,1,0,0,0,0,0,0,0,1,0,1,0,0,0,14,18,14, , , , , , , ,37, ,29, , , ,0,0,0, , , , , , , ,0, ,0, , , , , ,0, , , , , , , , , , , , , ,0,0,0,0,0,0,0,0,0,0,0,0,0,0,0,0,112,0,0,1,02,02,01,01,2024,15,01,2024,2, ,2, ,02,01,02,02,2, ,9161, , , , ,171,0, ,220,0, ,171,0,0, , , , , , , , , , , , , , , , , , , , , , , , , , , , ,430,0, , , , ,337,0, , , , , , ,9161,171,220,171, , , , , , , ,430, ,337, , , ,0, ,0, ,0,0, , , , , , , , , , , , , , ,0, , , ,0, , , , , , , ,1,0,0,0,0,0,79.8167572021484,07098,00,0001,CIUDAD CHACHAPOYAS,-77.869230754,-6.234386829,2350.55706301
2024,01,015009,047,11,4,010101,4,1,1,20240130,1, ,2, ,2,3,1,0,1,1,0,1,1,3,1,5,3,2,2,6, ,700, , ,2, , , , , , , , , , ,2, , , , , , , , , , ,2, , , , , , , , , , ,2, , , , , , , , , , , ,1,1,1,1.20000004768372,1,24, , ,1,1,1,1,1,1,0,0,0,0,0,1,0,1,0,0,0,0,0,0,2,1,1,1,1,0,1,1,1,1,1,1,0,0,0,0,0,0,1,1,1,1,0,0,0,14,39,22, , , , , , ,19,43,48,128, , , ,0,0,0, , , , , , ,0,0,0,0, , , , , ,0, , , , , , , , , , , , , ,0,0,0,0,0,0,0,0,0,0,0,0,0,0,0,0,313,0,0,1,01,01,14,01,2024,28,01,2024,2, ,1,500,01,01,01,01,2, ,8551, , , , ,171,0, ,476,0, ,269,0,0, , , , , , , , , , , , , , , , , , , , , , , , , ,221,0, ,500,0, ,558,0, ,1489,0, , , , ,506, ,8551,171,476,269, , , , , , ,221,500,558,1489, , , ,0, ,0, ,0,0, , , , , , , , , , , , ,0, ,0, ,0, ,0, , , , , , , ,1,0,0,0,0,0,79.8167572021484,07098,00,0001,CIUDAD CHACHAPOYAS,-77.869230754,-6.234386829,2350.55706301
2024,02,015013,001,11,4,010101,4,3,1,20240302,1, ,1,010513,1,1,0,1,0,1,0,1,3,5,4,5,3,2,2,2, ,705,2, ,2, , , , , , , , , , ,2, , , , , , , , , , ,2, , , , , , , , , , ,2, , , , , , , , , , , ,1,1,1,1.79999995231628,1,24, , ,1,1,1,1,1,1,0,0,0,0,0,1,0,1,0,0,1,0,1,0,2,0,1,1,1,0,0,1,1,1,1,1,0,0,0,1,0,0,0,1,1,1,1,0,0,72,105,46, , , ,20, , , ,135,45,0,0, , ,0,0,0, , , ,0, , , ,0,0,0,0, , , , ,0, , , ,0, , , , , , ,0, , ,0,0,0,0,0,0,0,0,0,0,0,0,4,2,0,0,423,0,0,1,01,01,06,02,2024,20,02,2024,2, ,2, ,01,01,01,01,2, ,8612, , , , ,879,0, ,1283,0, ,562,0,0, , , , , , , , , ,244,0,0, , , , , , ,0,0,0, , , , , , , ,1612,0, ,537,0, ,0,0, , , , , , ,8612,879,1283,562, , , ,244, , , ,1612,537,0, ,0, ,0, ,0, ,0,0, , , , , , ,0,0, , , , , , ,0, ,0, ,0, ,0,0, , , , ,1,0,0,0,0,0,79.8167572021484,07066,00,0001,CIUDAD CHACHAPOYAS,-77.872575919,-6.225080198,2337.49869059
2024,02,015013,078,11,4,010101,4,3,1,20240303,1, ,2, ,1,1,1,0,1,1,0,1,1,2,1,4,3,1,2,2, ,790,2, ,2, , , , , , , , , , ,2, , , , , , , , , , ,2, , , , , , , , , , ,2, , , , , , , , , , , ,1,1,1,.800000011920929,2, ,5,24,1,1,1,1,1,1,0,0,0,0,0,2,0,1,0,0,1,0,0,0,2,0,1,1,1,0,0,1,1,1,1,1,0,0,0,1,0,0,0,1,1,1,0,0,0,39,78,46, , , ,0, , , ,44,48,0, , , ,0,0,0, , , ,0, , , ,0,0,0, , , , , ,0, , , ,0, , , , , , , , , ,0,0,0,0,0,0,2,0,0,0,0,0,4,0,0,0,255,0,0,1,02,02,09,02,2024,23,02,2024,2, ,2, ,02,02,02,02,2, ,9650, , , , ,476,0, ,953,0, ,562,0,0, , , , , , , , , ,0,0,0, , , , , , , , , , , , , , , , ,525,0, ,573,0, ,0,0, , , , , , ,9650,476,953,562, , , ,0, , , ,525,573,0, , , ,0, ,0, ,0,0, , , , , , ,0,0, , , , , , ,0, ,0, ,0, , , , , , , ,1,0,0,0,0,0,79.8167572021484,07066,00,0001,CIUDAD CHACHAPOYAS,-77.872575919,-6.225080198,2337.49869059
2024,08,015018,044,11,4,010101,4,2,1,20240810,1, ,2, ,3,3,1,0,1,1,0,1,3,6,4,3,2,2,2,2, ,190,2, ,2, , , , , , , , , , ,2, , , , , , , , , , ,2, , , , , , , , , , ,2, , , , , , , , , , , ,1,1,1,1.39999997615814,1,15, , ,1,1,1,1,1,1,0,0,0,0,0,1,0,1,0,0,1,0,0,0,2,0,1,0,1,0,0,1,1,1,1,1,0,0,0,1,0,0,0,1,0,1,0,0,0,12,6,45, , , ,0, , , ,5, ,0, , , ,0,0,0, , , ,0, , , ,35, ,0, , , , , ,0, , , ,0, , , , , , , , , ,0,0,0,0,0,0,2,0,0,0,0,0,4,0,0,0,68,35,0,1,01,01,23,07,2024,06,08,2024,2, ,2, ,01,01,01,01,2, ,2272, , , , ,143,0, ,72,0, ,538,0,0, , , , , , , , , ,0,0,0, , , , , , , , , , , , , , , , ,60,419, , , , ,0,0, , , , , , ,2272,143,72,538, , , ,0, , , ,60, ,0, , , ,0, ,0, ,0,0, , , , , , ,0,0, , , , , , ,419, , , ,0, , , , , , , ,1,0,0,0,0,0,191.705856323242,07102,00,0001,CIUDAD CHACHAPOYAS,-77.885561883,-6.246511323,2145.53044711
2024,08,015018,109,11,4,010101,4,2,1,20240827,1, ,2, ,1,1,1,0,1,1,0,1,1,5,1,2,1,2,2,2, ,270,1,2,2, , , , , , , , , , ,2, , , , , , , , , , ,2, , , , , , , , , , ,2, , , , , , , , , , , ,1,1,1,1.39999997615814,1,24, , ,1,1,1,1,1,1,0,0,0,0,0,1,0,1,0,0,1,0,0,0,2,0,1,1,1,0,0,1,0,1,1,1,0,0,0,1,0,0,0,1,1,1,0,0,0,0,20,53, , , ,0, , , ,92,51,0, , , ,20,0,0, , , ,0, , , ,0,0,0, , , , , ,0, , , ,0, , , , , , , , , ,0,0,0,0,0,0,2,0,0,0,0,0,4,0,0,0,216,20,0,1,01,01,28,07,2024,11,08,2024,2, ,2, ,01,01,01,01,2, ,3228, , , , ,0,239, ,239,0, ,634,0,0, , , , , , , , , ,0,0,0, , , , , , , , , , , , , , , , ,1101,0, ,610,0, ,0,0, , , , , , ,3228,0,239,634, , , ,0, , , ,1101,610,0, , , ,239, ,0, ,0,0, , , , , , ,0,0, , , , , , ,0, ,0, ,0, , , , , , , ,1,0,0,0,0,0,191.705856323242,07102,00,0001,CIUDAD CHACHAPOYAS,-77.885561883,-6.246511323,2145.53044711
2024,09,015019,089,11,4,010101,4,1,3,20240925,1,1,1,150114,1,1,1,0,1,1,0,1,1,5,1,6,4,1,2,2, ,1870,1,1,2, , , , , , , , , , ,2, , , , , , , , , , ,2, , , , , , , , , , ,1,1,2,0,0,0,0,0,0,0,140000,2,1,1,1,.600000023841858,1,24, , ,1,1,1,1,1,1,0,0,0,0,0,1,0,1,0,0,0,0,0,0,2,0,1,1,1,0,1,1,0,1,1,1,0,0,0,0,0,0,0,1,1,1,0,0,0,31,82,72, , , , , , , ,130,0,155, , , ,0,0,0, , , , , , , ,0,0,0, , , , , ,0, , , , , , , , , , , , , ,0,0,0,0,0,0,0,0,0,0,0,3,0,0,0,0,470,0,0,1,02,02,19,08,2024,02,09,2024,2, ,2, ,02,02,02,02,2, ,22296, , , ,142002,370,0, ,978,0, ,858,0,0, , , , , , , , , , , , , , , , , , , , , , , , , , , , ,1565,0, ,0,0, ,1866,0, , , , , , ,22296,370,978,858, , , , , , , ,1565,467,1866, , , ,0, ,0, ,0,0, , , , , , , , , , , , , , ,0, ,0, ,0, , , , , , , ,1,0,0,0,0,0,84.0562210083008,07079,00,0001,CIUDAD CHACHAPOYAS,-77.868894898,-6.227506324,2326.132297
2024,10,015010,010,11,4,010101,4,1,1,20240929,1, ,2, ,1,3,0,1,0,0,0,1,3,5,4,3,2,2,2,2, ,130,2, ,2, , , , , , , , , , ,2, , , , , , , , , , ,2, , , , , , , , , , ,2, , , , , , , , , , , ,2,2,3,0,2, ,1,2,1,3,2, ,4,1,0,0,0,0,0,2,0,1,0,0,1,0,1,0,2,0,1,0,1,0,0,0,1,1,1,1,0,0,0,1,0,0,0,1,0,1,1,0,0,0,36,47, , , ,31, , , ,15, ,0,0, , ,0,0,0, , , ,0, , , ,0, ,0,0, , , , ,0, , , ,0, , , , , , ,0, , ,3,0,0,0,0,0,0,0,0,0,0,0,4,2,0,0,129,0,0,2,01,01,12,09,2024,26,09,2024,2, ,2, ,01,01,01,01,2, ,1550, , , , ,0,0, ,429,0, ,560,0,0, , , , , , , , , ,370,0,0, , , , , , ,0,0,0, , , , , , , ,181,0, , , , ,0,0, , , , , , ,1550,183,429,560, , , ,370, , , ,181, ,0, ,0, ,0, ,0, ,0,0, , , , , , ,0,0, , , , , , ,0, , , ,0, ,0,0, , , , ,4,0,0,0,0,0,279.534973144531,45086,00,0001,PUEBLO JOVEN 16 DE OCTUBRE,-77.861907291,-6.214946025,2387.74962785
2024,10,015010,015,11,4,010101,4,1,1,20241006,1, ,2, ,1,1,0,1,0,0,0,1,1,5,4,3,2,2,2,2, ,175,2, ,2, , , , , , , , , , ,2, , , , , , , , , , ,2, , , , , , , , , , ,2, , , , , , , , , , , ,1,2,3,0,1,24, , ,1,1,2, ,7,1,0,0,0,0,0,1,0,1,0,0,1,0,1,0,2,0,1,0,1,0,0,1,0,1,1,1,0,0,0,1,0,0,0,1,0,1,1,0,0,0,18,47, , , ,0, , , ,63, ,0,0, , ,0,0,0, , , ,0, , , ,0, ,0,0, , , , ,0, , , ,0, , , , , , ,0, , ,3,0,0,0,0,0,2,0,0,0,0,0,4,2,0,0,128,0,0,1,01,01,10,09,2024,24,09,2024,2, ,2, ,01,01,01,01,2, ,2083, , , , ,0,0, ,214,0, ,559,0,0, , , , , , , , , ,0,0,0, , , , , , ,0,0,0, , , , , , , ,761,0, , , , ,0,0, , , , , , ,2083,182.5,214,559, , , ,0, , , ,761, ,0, ,0, ,0, ,0, ,0,0, , , , , , ,0,0, , , , , , ,0, , , ,0, ,0,0, , , , ,10,0,0,0,0,0,279.534973144531,45086,00,0001,PUEBLO JOVEN 16 DE OCTUBRE,-77.861907291,-6.214946025,2387.74962785
2024,08,015012,045,11,4,010101,4,1,3,20240804,1,1,2, ,2,3,0,1,0,0,0,1,3,5,4,2,2,2,2,2, ,40,2, ,2, , , , , , , , , , ,2, , , , , , , , , , ,1,0,0,3,0,0,0,0,0,0,20000,2, , , , , , , , , , ,2,5, ,3,0, , , , ,2,3, , ,7,1,0,0,0,0,0,1,0,1,0,0,0,0,0,0,2,0,1,0,1,0,0,1,1,1,1,1,0,0,0,0,0,0,0,1,0,1,0,0,0,0,25,54, , , , , , , ,68, ,0, , , ,0,0,0, , , , , , , ,0, ,0, , , , , ,0, , , , , , , , , , , , , ,2,0,0,0,0,0,0,0,0,0,0,0,4,0,0,0,147,0,0,5,02,02,18,07,2024,01,08,2024,2, ,2, ,02,02,02,02,2, ,478, , ,20365, ,0,0, ,299,0, ,646,0,0, , , , , , , , , , , , , , , , , , , , , , , , , , , , ,813,0, , , , ,0,0, , , , , , ,478,0,299,646, , , , , , , ,813, ,0, , , ,0, ,0, ,0,0, , , , , , , , , , , , , , ,0, , , ,0, , , , , , , ,10,0,0,0,0,0,112.07495880127,48515,00,0001,PUEBLO JOVEN 16 DE OCTUBRE,-77.859391171,-6.218497082,2387.41703933
2024,07,020590,036,11,4,010101,4,2,1,20240731,1, ,1,140101,2,3,0,1,0,0,0,1,3,5,4,2,2,2,2,2, ,190,2, ,2, , , , , , , , , , ,2, , , , , , , , , , ,2, , , , , , , , , , ,2, , , , , , , , , , , ,1,2,3,0,2, ,1,10,1,3,2, ,7,1,0,0,0,0,0,1,0,1,0,0,1,0,0,0,2,0,1,0,1,0,0,1,0,1,1,1,0,0,0,1,0,0,0,1,0,1,0,0,0,0,22,43, , , ,0, , , ,82, ,0, , , ,0,0,0, , , ,0, , , ,0, ,0, , , , , ,0, , , ,0, , , , , , , , , ,3,0,0,0,0,0,2,0,0,0,0,0,4,0,0,0,147,0,0,1,01,01,16,07,2024,30,07,2024,2, ,2, ,01,01,01,01,2, ,2290, , , , ,0,0, ,265,0, ,518,0,0, , , , , , , , , ,0,0,0, , , , , , , , , , , , , , , , ,992,0, , , , ,0,0, , , , , , ,2290,183,265,518, , , ,0, , , ,992, ,0, , , ,0, ,0, ,0,0, , , , , , ,0,0, , , , , , ,0, , , ,0, , , , , , , ,10,0,0,0,0,0,255.607803344727,45087,00,0001,PUEBLO JOVEN 16 DE OCTUBRE,-77.859329526,-6.215820914,2405.21178807
2024,06,015011,104,11,4,010101,4,3,1,20240619,1, ,1,140101,1,1,1,0,1,1,0,1,1,3,1,4,3,3,2,2, ,750,1,1,2, , , , , , , , , , ,1,0,0,3,0,0,0,0,0,0,70000,2, , , , , , , , , , ,2, , , , , , , , , , ,2,1,1,1,1.20000004768372,1,24, , ,1,1,1,1,1,1,0,0,0,0,0,1,0,1,0,0,0,0,0,0,2,0,1,1,1,0,1,1,0,1,1,1,0,0,0,0,0,0,0,1,1,1,0,0,0,21,67,19, , , , , , , ,155,48,67, , , ,0,0,0, , , , , , , ,0,0,0, , , , , ,0, , , , , , , , , , , , , ,0,0,0,0,0,0,0,0,0,0,0,0,0,0,0,0,377,0,0,1,02,02,31,05,2024,14,06,2024,2, ,2, ,02,02,02,02,2, ,9012, ,71566, , ,252,0, ,805,0, ,228,0,0, , , , , , , , , , , , , , , , , , , , , , , , , , , , ,1871,0, ,579,0, ,809,0, , , , , , ,9012,252,805,228, , , , , , , ,1871,579,809, , , ,0, ,0, ,0,0, , , , , , , , , , , , , , ,0, ,0, ,0, , , , , , , ,1,0,0,0,0,0,69.4570999145508,07062,00,0001,URBANIZACION SANTA ROSA DE LIMA,-77.876203755,-6.232039083,2356.69293452
2024,01,015080,086,11,4,010101,8,1,5,20240121,1, ,2, ,3,3,0,1,0,0,0,1,3,6,3,2,1,2,2,2, ,60,2, ,2, , , , , , , , , , ,2, , , , , , , , , , ,2, , , , , , , , , , ,2, , , , , , , , , , , ,1,1,3,0,1,24, , ,2,3,2, ,4,1,0,0,0,0,0,1,0,1,0,0,0,0,0,0,2,0,1,0,1,0,0,0,1,1,1,1,0,0,0,0,0,0,0,1,0,1,0,0,0,0,9,36, , , , , , , ,11, ,0, , , ,0,0,0, , , , , , , ,0, ,0, , , , , ,0, , , , , , , , , , , , , ,2,0,0,0,0,0,0,0,0,0,0,0,4,0,0,0,56,0,0,1,01,01,05,01,2024,19,01,2024,2, ,2, ,01,01,01,01,2, ,733, , , , ,0,0, ,110,0, ,440,0,0, , , , , , , , , , , , , , , , , , , , , , , , , , , , ,128,0, , , , ,0,0, , , , , , ,733,0,110,440, , , , , , , ,128, ,0, , , ,0, ,0, ,0,0, , , , , , , , , , , , , , ,0, , , ,0, , , , , , , ,4,0,0,0,0,0,78.585823059082,07128,00,0024,ANEXO TAQUIA,-77.83325982,-6.253471798,2560
2024,01,015080,093,11,4,010101,8,1,5,20240120,1, ,2, ,1,3,0,1,0,1,0,1,3,3,3,1,0,2,2,2, ,215,2, ,2, , , , , , , , , , ,2, , , , , , , , , , ,2, , , , , , , , , , ,2, , , , , , , , , , , ,1,2,3,0,1,24, , ,1,1,2, ,7,1,0,0,0,0,0,1,0,1,0,0,1,0,0,0,6,0,1,0,1,0,0,1,0,1,1,1,0,0,0,1,0,0,0,1,0,1,0,0,0,0,30,15, , , ,0, , , ,30, ,0, , , ,0,0,0, , , ,0, , , ,0, ,0, , , , , ,0, , , ,50, , , , , , , , , ,2,0,0,0,0,0,0,0,0,0,0,0,4,0,0,0,75,0,50,1,01,01,05,01,2024,19,01,2024,2, ,2, ,01,01,01,01,2, ,2626, , , , ,0,0, ,366,0, ,183,0,0, , , , , , , , , ,0,0,611, , , , , , , , , , , , , , , , ,349,0, , , , ,0,0, , , , , , ,2626,0,366,183, , , ,0, , , ,349, ,0, , , ,0, ,0, ,0,0, , , , , , ,0,611, , , , , , ,0, , , ,0, , , , , , , ,10,0,0,0,0,0,78.585823059082,07128,00,0024,ANEXO TAQUIA,-77.83325982,-6.253471798,2560
2024,02,015088,009,11,4,010106,8,4,5,20240229,1, ,2, ,3,3,0,1,0,1,0,1,4,5,4,4,1,2,2,2, ,115,2, ,2, , , , , , , , , , ,2, , , , , , , , , , ,2, , , , , , , , , , ,2, , , , , , , , , , , ,1,1,3,0,1,24, , ,1,1,2, ,7,1,0,0,0,0,0,1,0,1,0,0,1,0,0,0,6,0,1,1,1,0,0,1,0,1,1,1,0,0,0,1,0,0,0,1,1,1,0,0,0,0,13,67, , , ,0, , , ,35,41,0, , , ,0,0,0, , , ,0, , , ,0,0,0, , , , , ,0, , , ,0, , , , , , , , , ,2,0,0,0,0,0,2,0,0,0,0,0,4,0,0,0,156,0,0,1,01,01,14,02,2024,28,02,2024,2, ,2, ,02,02,02,01,2, ,1404, , , , ,0,0, ,159,0, ,818,0,0, , , , , , , , , ,0,0,0, , , , , , , , , , , , , , , , ,413,0, ,484,0, ,0,0, , , , , , ,1404,0,159,818, , , ,0, , , ,413,484,0, , , ,0, ,0, ,0,0, , , , , , ,0,0, , , , , , ,0, ,0, ,0, , , , , , , ,10,0,0,0,0,0,78.585823059082,07187,00,0023,ANEXO HUANABAMBA,-78.000186666,-6.965645,928
2024,02,015088,012,11,4,010106,8,4,5,20240301,1, ,2, ,3,3,0,0,0,0,1,1,4,6,4,3,2,2,2,2, ,30,2, ,2, , , , , , , , , , ,2, , , , , , , , , , ,2, , , , , , , , , , ,2, , , , , , , , , , , ,8, ,3,0, , , , ,2,3, , ,7,0,0,0,0,1,0, ,0,0,0,0,1,0,0,0,6,0,1,0,1,0,0,0,1,0,0,0,0,0,0,1,0,0,0,1,0,1,1,0,0, , , , , , ,0, , , ,18, ,0,0, , , , , , , , ,0, , , ,0, ,0,0, , , , , , , , ,64, , , , , , ,0, , ,0,0,0,0,0,0,0,0,0,0,0,0,4,2,0,0,18,0,64,9,01,02,15,02,2024,29,02,2024,2, ,2, ,01,01,01,01,2, ,366, , , , , , , , , , , , , , , , , , , , , , ,0,0,782, , , , , , ,0,0,0, , , , , , , ,215,0, , , , ,0,0, , , , , , ,366, , , , , , ,0, , , ,215, ,0, ,0, , , , , , , , , , , , , ,0,782, , , , , , ,0, , , ,0, ,0,0, , , , ,7,0,0,1,0,0,78.585823059082,07187,00,0024,ANEXO TULPAC,-77.973055,-6.967723333,1054
2024,02,015088,014,11,4,010106,8,4,5,20240301,1, ,2, ,3,3,0,0,0,0,1,1,3,6,4,1,0,2,2,2, ,20,2, ,2, , , , , , , , , , ,2, , , , , , , , , , ,2, , , , , , , , , , ,2, , , , , , , , , , , ,8, ,3,0, , , , ,1,3, , ,4,0,0,0,0,1,0, ,0,0,0,0,1,0,0,0,6,0,1,0,1,0,0,0,1,0,0,0,0,0,0,1,0,0,0,1,0,1,1,0,0, , , , , , ,0, , , ,10, ,0,0, , , , , , , , ,0, , , ,0, ,0,0, , , , , , , , ,46, , , , , , ,0, , ,0,0,0,0,0,0,0,0,0,0,0,0,4,2,0,0,10,0,46,9,02,02,15,02,2024,29,02,2024,2, ,2, ,02,02,02,02,2, ,244, , , , , , , , , , , , , , , , , , , , , , ,0,0,562, , , , , , ,0,0,0, , , , , , , ,119,0, , , , ,0,0, , , , , , ,244, , , , , , ,0, , , ,119, ,0, ,0, , , , , , , , , , , , , ,0,562, , , , , , ,0, , , ,0, ,0,0, , , , ,4,0,0,0,0,0,78.585823059082,07187,00,0024,ANEXO TULPAC,-77.973055,-6.967723333,1054
2024,11,015087,003,11,4,010109,7,4,5,20241120,1, ,2, ,4,3,0,1,0,0,0,1,9,6,4,1,0,2,2,2, ,35,2, ,2, , , , , , , , , , ,2, , , , , , , , , , ,2, , , , , , , , , , ,2, , , , , , , , , , , ,1,2,3,0,2, ,4,12,1,3,2, ,9,1,0,0,0,0,0,1,0,0,0,0,1,0,1,0,6,0,1,0,1,0,0,0,1,1,1,0,0,0,0,1,0,0,0,1,0,1,1,0,0,0,5, , , , ,0, , , ,4, ,0,0, , ,0,0, , , , ,35, , , ,0, ,0,0, , , , , , , , ,0, , , , , , ,0, , ,2,0,0,0,0,0,0,0,0,0,0,0,4,2,0,0,9,35,0,1,01,01,05,11,2024,19,11,2024,2, ,2, ,01,01,01,01,2, ,416, , , , ,0,0, ,59,0, , , , , , , , , , , , , ,0,416,0, , , , , , ,0,0,0, , , , , , , ,48,0, , , , ,0,0, , , , , , ,416,0,59, , , , ,0, , , ,48, ,0, ,0, ,0, ,0, , , , , , , , , ,416,0, , , , , , ,0, , , ,0, ,0,0, , , , ,9,1,0,1,0,0,72.2517242431641,07163,00,0031,ANEXO NUEVO YUMPE,-77.824253333,-6.509988333,2606
2024,11,015087,091,11,4,010109,7,4,5,20241122,1, ,2, ,4,3,0,0,0,0,1,1,9,6,3,2,1,2,2,2, ,20,2, ,2, , , , , , , , , , ,2, , , , , , , , , , ,2, , , , , , , , , , ,2, , , , , , , , , , , ,1,1,3,0,2, ,5,24,1,6,2, ,5,0,0,1,0,0,0, ,0,0,0,0,1,0,0,0,6,0,0,0,0,1, , , ,1,0,0,0,1,0,1,0,0,0,0,0,0,0,0,0,0, , , ,4, ,0, , , , , , , , , ,0, , , ,0, ,33, , , , , , , , , , , , , ,0, ,0, , , , , , , , , ,2,0,0,0,0,0,0,0,0,0,0,0,0,0,0,0,4,33,0,1,01,01,07,11,2024,21,11,2024,2, ,2, ,01,01,01,01,2, ,238, , , , ,0,0, , , , , , , , , , ,48,0,0, , , ,0,393,0, , , , , , , , , , , , , , , , , , , , , , , , , , , , , , ,238,0, , , ,48, ,0, , , , , , , , , ,0, , , , , , , ,0,0, , ,393,0, , , , , , , , , , , , , , , , , , ,5,1,0,0,0,0,72.2517242431641,07163,00,0058,ANEXO PENGOTE,-77.815728333,-6.539723333,2443
2024,11,015087,092,11,4,010109,7,4,5,20241122,1, ,1,010101,3,3,0,1,0,1,0,1,9,6,3,4,1,2,2,2, ,40,2, ,2, , , , , , , , , , ,2, , , , , , , , , , ,2, , , , , , , , , , ,2, , , , , , , , , , , ,1,1,3,0,2, ,5,24,1,7,2, ,1,1,0,0,0,0,0,1,0,1,0,0,1,0,0,0,6,0,1,0,1,0,0,1,1,1,1,1,0,0,0,1,0,0,0,1,0,1,0,0,0,0,13,10, , , ,0, , , ,98, ,0, , , ,0,0,0, , , ,0, , , ,0, ,0, , , , , ,0, , , ,45, , , , , , , , , ,2,0,0,0,0,0,0,0,0,0,0,0,4,0,0,0,121,0,45,1,01,02,07,11,2024,21,11,2024,2, ,2, ,01,01,01,01,2, ,476, , , , ,0,0, ,155,0, ,119,0,0, , , , , , , , , ,0,0,535, , , , , , , , , , , , , , , , ,1183,0, , , , ,0,0, , , , , , ,476,0,155,119, , , ,0, , , ,1183, ,0, , , ,0, ,0, ,0,0, , , , , , ,0,535, , , , , , ,0, , , ,0, , , , , , , ,1,1,0,0,0,0,72.2517242431641,07163,00,0058,ANEXO PENGOTE,-77.815728333,-6.539723333,2443
2024,11,015087,094,11,4,010109,7,4,5,20241123,1, ,2, ,1,1,0,1,0,1,0,1,1,5,4,3,2,2,2,2, ,60,1,2,2, , , , , , , , , , ,2, , , , , , , , , , ,2, , , , , , , , , , ,2, , , , , , , , , , , ,1,1,3,0,2, ,4,24,1,3,2, ,9,0,0,1,0,0,0, ,0,1,0,0,1,0,0,0,2,0,1,0,1,0,0,0,1,1,0,1,0,1,0,1,0,0,0,1,0,1,0,0,0,0, ,16, ,15, ,0, , , ,5, ,0, , , ,0, ,0, ,0, ,0, , , ,0, ,0, , , , , ,0, ,0, ,37, , , , , , , , , ,2,0,0,0,0,0,0,0,0,0,0,0,4,0,0,0,36,0,37,1,01,01,06,11,2024,20,11,2024,2, ,2, ,01,01,01,01,2, ,714, , , , ,0,0, , , , ,190,0,0, , , ,178,0,0, , , ,0,0,440, , , , , , , , , , , , , , , , ,60,0, , , , ,0,0, , , , , , ,714,0, ,190, ,178, ,0, , , ,60, ,0, , , ,0, , , ,0,0, , ,0,0, , ,0,440, , , , , , ,0, , , ,0, , , , , , , ,9,0,0,1,0,0,72.2517242431641,07163,00,0058,ANEXO PENGOTE,-77.815728333,-6.539723333,2443
2024,04,015027,015,11,4,010110,5,3,3,20240420,1,1,2, ,1,1,1,0,1,1,0,1,4,5,2,2,1,3,3,1,205, , , ,2, , , , , , , , , , ,2, , , , , , , , , , ,2, , , , , , , , , , ,2, , , , , , , , , , , ,1,1,3,0,1,24, , ,2,1,1,2,1,1,0,0,0,0,0,2,0,1,0,0,0,0,0,0,2,0,1,1,1,0,0,1,0,1,1,1,0,0,0,0,0,0,0,1,1,1,0,0,0,6,12,61, , , , , , , ,31,15,0, , , ,0,0,0, , , , , , , ,0,0,0, , , , , ,0, , , , , , , , , , , , , ,0,0,0,0,0,0,0,0,0,0,0,0,4,0,0,0,125,0,0,1,01,01,05,04,2024,19,04,2024,2, ,2, ,01,01,01,01,2,2497, , , , , ,73,0, ,146,0, ,743,0,0, , , , , , , , , , , , , , , , , , , , , , , , , , , , ,370,0, ,179,0, ,0,0, , , , , ,2497, ,73,146,743, , , , , , , ,370,179,0, , , ,0, ,0, ,0,0, , , , , , , , , , , , , , ,0, ,0, ,0, , , , , , , ,1,0,0,0,0,0,92.6094589233398,07174,00,0001,PUEBLO LEIMEBAMBA,-77.805328349,-6.706045865,2215.03882378
2024,04,015027,025,11,4,010110,5,3,3,20240418,1,1,2, ,1,1,1,0,1,1,0,1,1,5,3,1,1,2,2,6, ,55, , ,2, , , , , , , , , , ,2, , , , , , , , , , ,2, , , , , , , , , , ,2, , , , , , , , , , , ,1,1,3,0,1,24, , ,2,1,1,2,1,1,0,0,0,0,0,2,0,0,0,0,1,0,0,0,6,0,1,0,1,0,0,0,1,1,1,0,0,0,0,1,0,0,0,1,0,1,0,0,0,6,20, , , , ,0, , , ,21, ,0, , , ,0,0, , , , ,0, , , ,0, ,0, , , , , , , , , ,0, , , , , , , , , ,0,0,0,0,0,0,2,0,0,0,0,0,4,0,0,0,47,0,0,1,01,01,03,04,2024,17,04,2024,2, ,2, ,01,01,01,01,2, ,670, , , , ,73,0, ,244,0, , , , , , , , , , , , , ,0,0,0, , , , , , , , , , , , , , , , ,251,0, , , , ,0,0, , , , , , ,670,73,244, , , , ,0, , , ,251, ,0, , , ,0, ,0, , , , , , , , , ,0,0, , , , , , ,0, , , ,0, , , , , , , ,1,0,0,0,0,0,92.6094589233398,07174,00,0001,PUEBLO LEIMEBAMBA,-77.805328349,-6.706045865,2215.03882378
2024,04,015027,051,11,4,010110,5,3,3,20240420,1,1,2, ,1,1,1,0,1,1,0,1,1,5,3,3,1,2,2,2, ,285,1,1,2, , , , , , , , , , ,2, , , , , , , , , , ,2, , , , , , , , , , ,2, , , , , , , , , , , ,1,2,3,0,1,24, , ,1,1,1,2,1,1,0,0,0,0,0,2,0,1,0,0,0,0,0,0,2,0,1,1,1,0,0,1,0,1,1,1,0,0,0,0,0,0,0,1,1,1,0,0,0,6,61,63, , , , , , , ,30,30,0, , , ,0,0,0, , , , , , , ,0,0,0, , , , , ,0, , , , , , , , , , , , , ,0,0,0,0,0,0,0,0,0,0,0,0,4,0,0,0,190,0,0,1,02,01,04,04,2024,18,04,2024,2, ,2, ,02,02,02,02,2, ,3471, , , , ,73,0, ,743,0, ,767,0,0, , , , , , , , , , , , , , , , , , , , , , , , , , , , ,358,0, ,358,0, ,0,0, , , , , , ,3471,73,743,767, , , , , , , ,358,358,0, , , ,0, ,0, ,0,0, , , , , , , , , , , , , , ,0, ,0, ,0, , , , , , , ,1,0,0,0,0,0,92.6094589233398,07174,00,0001,PUEBLO LEIMEBAMBA,-77.805328349,-6.706045865,2215.03882378
2024,04,015027,066,11,4,010110,5,3,3,20240420,1,1,2, ,1,1,1,0,1,1,0,4,4,5,4,2,1,2,2,2, ,95,1,2,2, , , , , , , , , , ,2, , , , , , , , , , ,2, , , , , , , , , , ,2, , , , , , , , , , , ,2,2,3,0,2, ,5,22,1,1,1,2,2,1,0,0,0,0,0,2,0,1,0,0,0,0,0,0,2,0,1,0,1,0,0,0,1,1,1,1,0,0,0,0,0,0,0,1,0,1,0,0,0,0,0,0, , , , , , , ,0, ,0, , , ,6,97,32, , , , , , , ,9, ,0, , , , , ,0, , , , , , , , , , , , , ,0,0,0,0,0,0,0,0,0,0,0,0,4,0,0,0,0,144,0,2,01,01,03,04,2024,17,04,2024,2, ,2, ,01,01,01,01,2, ,1157, , , , ,0,73, ,0,1181, ,0,390,0, , , , , , , , , , , , , , , , , , , , , , , , , , , , ,0,107, , , , ,0,0, , , , , , ,1157,0,0,0, , , , , , , ,0, ,0, , , ,73, ,1181, ,390,0, , , , , , , , , , , , , , ,107, , , ,0, , , , , , , ,2,0,0,0,0,0,92.6094589233398,07174,00,0001,PUEBLO LEIMEBAMBA,-77.805328349,-6.706045865,2215.03882378
2024,03,015029,068,11,4,010110,5,3,1,20240326,1, ,1,010511,3,3,1,0,0,1,0,1,1,5,4,7,3,2,2,2, ,300,2, ,2, , , , , , , , , , ,1,1,0,3,0,0,0,0,0,0,60000,2, , , , , , , , , , ,2, , , , , , , , , , ,1,1,1,3,0,1,24, , ,1,1,1,3,1,1,0,0,0,0,0,1,0,1,0,0,0,0,0,0,2,0,1,1,1,0,0,1,0,1,1,1,0,0,0,0,0,0,0,1,1,1,0,0,0,3,37,27, , , , , , , ,72,29,0, , , ,0,0,0, , , , , , , ,0,0,0, , , , , ,0, , , , , , , , , , , , , ,0,0,0,0,0,0,0,0,0,0,0,0,4,0,0,0,168,0,0,1,01,01,08,03,2024,22,03,2024,2, ,2, ,01,01,01,01,2, ,3664, ,61391, , ,37,0, ,452,0, ,330,0,0, , , , , , , , , , , , , , , , , , , , , , , , , , , , ,860,0, ,346,0, ,0,0, , , , , , ,3664,37,452,330, , , , , , , ,860,346,0, , , ,0, ,0, ,0,0, , , , , , , , , , , , , , ,0, ,0, ,0, , , , , , , ,1,0,0,0,0,0,263.821685791016,07177,01,0012,PUEBLO PALMIRA,-77.799106925,-6.700434899,2157.8254433
2024,10,020603,055,11,4,010110,8,3,5,20241011,1, ,2, ,4,3,0,0,0,0,1,1,7,6,4,4,2,2,2,2, ,35,2, ,2, , , , , , , , , , ,2, , , , , , , , , , ,2, , , , , , , , , , ,2, , , , , , , , , , , ,1,2,3,0,1,24, , ,1,1,2, ,7,0,0,0,0,1,0, ,0,0,0,0,1,0,0,0,6,0,1,0,1,0,0,0,1,1,0,0,0,0,0,1,0,0,0,1,0,1,1,0,0,0, , , , , ,0, , , ,10, ,9,0, , ,0, , , , , ,0, , , ,0, ,0,0, , , , , , , , ,52, , , , , , ,0, , ,2,0,0,0,0,0,0,0,0,0,0,0,0,2,0,0,19,0,52,1,02,02,26,09,2024,10,10,2024,2, ,2, ,02,02,02,02,2, ,417, , , , ,0,0, , , , , , , , , , , , , , , , ,0,0,619, , , , , , ,0,0,0, , , , , , , ,121,0, , , , ,109,0, , , , , , ,417,0, , , , , ,0, , , ,121, ,109, ,0, ,0, , , , , , , , , , , ,0,619, , , , , , ,0, , , ,0, ,0,0, , , , ,10,1,0,0,0,0,72.2517242431641,07182,00,0038,ANEXO VALLE DE LOS CHILCHOS,-77.750823225,-6.744190362,1703.8
2024,10,020603,056,11,4,010110,8,3,5,20241012,1, ,2, ,4,3,0,0,0,0,1,1,9,6,4,2,0,2,2,2, ,55,2, ,2, , , , , , , , , , ,2, , , , , , , , , , ,2, , , , , , , , , , ,2, , , , , , , , , , , ,1,2,3,0,1,24, , ,1,6,2, ,5,0,0,1,0,0,0, ,0,0,0,0,1,0,1,0,6,0,1,0,1,0,0,0,1,1,0,0,0,1,0,1,0,0,0,1,0,1,1,0,0,0, , , ,11, ,0, , , ,3, ,0,0, , ,0, , , ,0, ,0, , , ,0, ,0,0, , , , , , ,0, ,36, , , , , , ,0, , ,2,0,0,0,0,0,0,0,0,0,0,0,4,2,0,0,14,0,36,1,01,01,27,09,2024,11,10,2024,2, ,2, ,01,01,01,01,2, ,655, , , , ,0,0, , , , , , , , , , ,131,0,0, , , ,0,0,428, , , , , , ,0,0,0, , , , , , , ,36,0, , , , ,0,0, , , , , , ,655,0, , , ,131, ,0, , , ,36, ,0, ,0, ,0, , , , , , , ,0,0, , ,0,428, , , , , , ,0, , , ,0, ,0,0, , , , ,5,1,0,0,0,0,72.2517242431641,07182,00,0038,ANEXO VALLE DE LOS CHILCHOS,-77.750823225,-6.744190362,1703.8
2024,12,015104,066,11,4,010113,7,3,3,20241213,1,1,2, ,3,3,0,1,0,1,0,1,4,6,3,6,1,2,2,2, ,125,2, ,2, , , , , , , , , , ,2, , , , , , , , , , ,2, , , , , , , , , , ,2, , , , , , , , , , , ,1,1,3,0,1,24, , ,1,7,2, ,1,1,0,0,0,0,0,1,0,1,0,0,1,0,0,0,6,0,1,0,1,0,0,1,1,1,1,1,0,0,0,1,0,0,0,1,0,1,0,0,0,0,32,26, , , ,0, , , ,80, ,0, , , ,0,0,0, , , ,43, , , ,0, ,0, , , , , ,0, , , ,0, , , , , , , , , ,2,0,0,0,0,0,0,0,0,0,0,0,4,0,0,0,138,43,0,1,02,02,28,11,2024,12,12,2024,2, ,2, ,01,01,01,02,2, ,1476, , , , ,0,0, ,378,0, ,307,0,0, , , , , , , , , ,0,508,0, , , , , , , , , , , , , , , , ,967,0, , , , ,0,0, , , , , , ,1476,0,378,307, , , ,0, , , ,967, ,0, , , ,0, ,0, ,0,0, , , , , , ,508,0, , , , , , ,0, , , ,0, , , , , , , ,1,0,0,0,1,0,72.2517242431641,07169,00,0012,ANEXO SHUEMBE,-77.790045,-6.587255,2523
2024,12,015104,068,11,4,010113,7,3,3,20241214,1,1,1,010110,3,3,0,1,0,1,0,1,4,5,4,2,1,2,2,2, ,100,2, ,2, , , , , , , , , , ,2, , , , , , , , , , ,2, , , , , , , , , , ,2, , , , , , , , , , , ,1,2,3,0,1,24, , ,1,3,2, ,1,1,0,0,0,0,0,1,0,1,0,0,1,0,0,0,6,0,1,0,1,0,0,1,1,1,1,1,0,0,0,1,0,0,0,1,0,1,0,0,0,0,10,47, , , ,0, , , ,115, ,0, , , ,0,0,0, , , ,0, , , ,0, ,0, , , , , ,0, , , ,47, , , , , , , , , ,2,0,0,0,0,0,0,0,0,0,0,0,4,0,0,0,172,0,47,1,01,02,28,11,2024,12,12,2024,2, ,2, ,01,01,01,01,2, ,1181, , , , ,0,0, ,118,0, ,555,0,0, , , , , , , , , ,0,0,555, , , , , , , , , , , , , , , , ,1390,0, , , , ,0,0, , , , , , ,1181,0,118,555, , , ,0, , , ,1390, ,0, , , ,0, ,0, ,0,0, , , , , , ,0,555, , , , , , ,0, , , ,0, , , , , , , ,1,0,0,0,0,0,72.2517242431641,07169,00,0012,ANEXO SHUEMBE,-77.790045,-6.587255,2523
2024,09,015102,010,11,4,010114,7,2,3,20240907,1,1,2, ,3,3,0,1,0,1,0,1,3,5,4,7,4,2,2,2, ,215,2, ,2, , , , , , , , , , ,2, , , , , , , , , , ,2, , , , , , , , , , ,2, , , , , , , , , , , ,1,2,3,0,1,24, , ,1,1,2, ,7,1,0,0,0,0,0,1,0,1,0,0,1,0,1,0,2,0,1,0,1,0,0,1,1,1,1,1,0,0,0,1,0,0,0,1,0,1,1,0,0,0,12,45, , , ,0, , , ,97, ,0,0, , ,0,0,0, , , ,0, , , ,0, ,0,0, , , , ,0, , , ,43, , , , , , ,0, , ,2,0,0,0,0,0,0,0,0,0,0,0,4,2,0,0,154,0,43,1,02,02,22,08,2024,05,09,2024,2, ,2, ,02,02,02,02,2, ,2563, , , , ,0,0, ,143,0, ,537,0,0, , , , , , , , , ,0,0,513, , , , , , ,0,0,0, , , , , , , ,1168,0, , , , ,0,0, , , , , , ,2563,0,143,537, , , ,0, , , ,1168, ,0, ,0, ,0, ,0, ,0,0, , , , , , ,0,513, , , , , , ,0, , , ,0, ,0,0, , , , ,7,0,0,1,0,0,80.3816604614258,07123,00,0013,ANEXO HUASCAZALA,-77.657923333,-6.216826667,2418
2024,11,015089,054,11,4,010115,6,1,4,20241102,1, ,2, ,1,1,1,0,1,1,0,1,4,5,3,6,4,2,2,2, ,335,1,1,2, , , , , , , , , , ,2, , , , , , , , , , ,2, , , , , , , , , , ,2, , , , , , , , , , , ,1,1,3,0,1,24, , ,1,1,1,2,1,1,0,0,0,0,0,1,0,1,0,0,1,0,0,0,2,0,1,0,1,0,0,1,0,1,1,1,0,0,0,1,0,0,0,1,0,1,0,0,0,2,30,55, , , ,0, , , ,34, ,0, , , ,0,0,0, , , ,0, , , ,30, ,0, , , , , ,0, , , ,43, , , , , , , , , ,0,0,0,0,0,0,0,0,0,0,0,0,4,0,0,0,121,30,43,1,01,02,18,10,2024,01,11,2024,2, ,2, ,01,01,01,01,2, ,3985, , , , ,24,0, ,357,0, ,654,0,0, , , , , , , , , ,0,0,512, , , , , , , , , , , , , , , , ,411,362, , , , ,0,0, , , , , , ,3985,24,357,654, , , ,0, , , ,411, ,0, , , ,0, ,0, ,0,0, , , , , , ,0,512, , , , , , ,362, , , ,0, , , , , , , ,1,0,0,0,0,0,72.2517242431641,07172,00,0001,PUEBLO MONTEVIDEO,-77.802441016,-6.618112472,2410.26928743
2024,11,015089,077,11,4,010115,6,1,4,20241031,1, ,2, ,3,3,0,1,0,1,0,1,4,4,3,2,1,2,2,2, ,30,1,1,2, , , , , , , , , , ,2, , , , , , , , , , ,2, , , , , , , , , , ,2, , , , , , , , , , , ,1,1,3,0,1,24, , ,1,3,1,2,1,1,0,0,0,0,0,1,0,1,0,0,1,0,0,0,2,0,1,0,1,0,0,1,0,1,1,1,0,0,0,1,0,0,0,1,0,1,0,0,0,2,13,49, , , ,31, , , ,10, ,0, , , ,0,0,0, , , ,0, , , ,0, ,0, , , , , ,0, , , ,0, , , , , , , , , ,0,0,0,0,0,0,0,0,0,0,0,0,4,0,0,0,105,0,0,1,01,02,16,10,2024,30,10,2024,2, ,2, ,01,01,01,01,2, ,357, , , , ,24,0, ,155,0, ,583,0,0, , , , , , , , , ,369,0,0, , , , , , , , , , , , , , , , ,121,0, , , , ,0,0, , , , , , ,357,24,155,583, , , ,369, , , ,121, ,0, , , ,0, ,0, ,0,0, , , , , , ,0,0, , , , , , ,0, , , ,0, , , , , , , ,1,0,0,0,0,0,72.2517242431641,07172,00,0001,PUEBLO MONTEVIDEO,-77.802441016,-6.618112472,2410.26928743
2024,08,015097,003,11,4,010120,8,2,3,20240808,1,1,2, ,1,1,0,1,0,1,0,1,1,5,4,5,2,2,2,2, ,100,2, ,2, , , , , , , , , , ,2, , , , , , , , , , ,2, , , , , , , , , , ,2, , , , , , , , , , , ,1,2,3,0,2, ,5,24,1,1,2, ,1,1,0,0,0,0,0,1,0,1,0,0,1,0,1,0,2,0,1,0,1,0,0,0,1,1,1,1,0,0,0,1,0,0,0,1,0,1,1,0,1,0,9,44, , , ,0, , , ,10, ,0,0, ,22,0,0,0, , , ,0, , , ,0, ,0,0, ,0, , ,0, , , ,22, , , , , , ,0, , ,2,0,0,0,0,0,0,0,0,0,0,0,4,2,0,0,85,0,22,1,01,02,23,07,2024,06,08,2024,2, ,2, ,01,01,01,01,2, ,1196, , , , ,0,0, ,108,0, ,526,0,0, , , , , , , , , ,0,0,263, , , , , , ,0,0,0, , , , , , , ,120,0, , , , ,0,0, ,263,0, , , ,1196,0,108,526, , , ,0, , , ,120, ,0,263,0, ,0, ,0, ,0,0, , , , , , ,0,263, , , , , , ,0, , , ,0, ,0,0, , ,0, ,1,0,0,0,0,0,80.3816604614258,07143,00,0011,ANEXO QUITACHI,-77.748749987,-6.315139975,3042
2024,08,015097,062,11,4,010120,8,2,3,20240810,1,1,2, ,4,3,0,1,0,0,0,1,9,6,4,2,2,2,2,2, ,105,1,2,2, , , , , , , , , , ,2, , , , , , , , , , ,2, , , , , , , , , , ,2, , , , , , , , , , , ,1,1,3,0,1,24, , ,1,1,2, ,1,1,0,0,0,0,0,1,0,1,0,0,1,0,1,0,6,0,1,0,1,0,0,0,1,1,1,1,0,0,0,1,0,0,0,1,0,1,1,0,0,0,11,61, , , ,0, , , ,40, ,0,0, , ,0,0,0, , , ,0, , , ,0, ,0,0, , , , ,0, , , ,65, , , , , , ,0, , ,2,0,0,0,0,0,0,0,0,0,0,0,4,2,0,0,112,0,65,1,02,02,25,07,2024,08,08,2024,2, ,2, ,02,02,02,02,2, ,1255, , , , ,0,0, ,132,0, ,729,0,0, , , , , , , , , ,0,0,777, , , , , , ,0,0,0, , , , , , , ,478,0, , , , ,0,0, , , , , , ,1255,0,132,729, , , ,0, , , ,478, ,0, ,0, ,0, ,0, ,0,0, , , , , , ,0,777, , , , , , ,0, , , ,0, ,0,0, , , , ,1,1,0,0,0,0,80.3816604614258,07143,00,0015,ANEXO OQUISH,-77.713279987,-6.355109975,2566
2024,06,015038,055,11,7,010201,4,3,1,20240620,1, ,2, ,1,1,1,0,1,1,0,1,1,5,4,4,1,2,2,2, ,225,3, ,2, , , , , , , , , , ,2, , , , , , , , , , ,2, , , , , , , , , , ,2, , , , , , , , , , , ,1,1,3,0,1,12, , ,1,4,1,1,1,1,0,0,0,0,0,1,0,1,0,0,1,0,0,0,2,0,1,1,1,0,0,0,1,1,1,1,0,0,0,1,0,0,0,1,1,1,0,0,0,0,0,59, , , ,0, , , ,12,33,0, , , ,39,30,0, , , ,21, , , ,0,0,0, , , , , ,0, , , ,0, , , , , , , , , ,0,0,0,0,0,0,0,0,0,0,0,0,4,0,0,0,104,90,0,1,01,01,27,05,2024,10,06,2024,2, ,2, ,01,01,01,01,2, ,2704, , , , ,0,469, ,0,360, ,709,0,0, , , , , , , , , ,0,252,0, , , , , , , , , , , , , , , , ,145,0, ,398,0, ,0,0, , , , , , ,2704,0,0,709, , , ,0, , , ,145,398,0, , , ,469, ,360, ,0,0, , , , , , ,252,0, , , , , , ,0, ,0, ,0, , , , , , , ,1,0,0,0,0,0,152.862518310547,06622,00,0001,CIUDAD BAGUA,-78.528686086,-5.636217785,437.381151324
2024,06,015038,108,11,7,010201,4,3,1,20240615,1, ,2, ,1,1,1,0,1,1,0,1,1,2,1,5,3,1,2,2, ,430,1,1,2, , , , , , , , , , ,2, , , , , , , , , , ,2, , , , , , , , , , ,1,1,2,0,0,0,0,0,0,10,170000,2,1,1,3,0,1,7, , ,1,5,1,1,1,1,0,0,0,0,0,1,1,1,0,0,1,0,0,0,2,0,1,0,1,0,1,1,0,1,1,1,0,0,0,1,0,0,0,1,0,1,0,0,0,25,114,97, , , ,0, , , ,199, ,68, , , ,0,0,0, , , ,0, , , ,0, ,0, , , , , ,0, , , ,9, , , , , , , , , ,0,0,0,0,0,0,0,0,0,0,0,0,0,0,0,0,503,0,9,1,01,02,30,05,2024,13,06,2024,2, ,2, ,02,02,02,01,2, ,5167, , , ,173804,300,0, ,1370,0, ,1166,0,0, , , , , , , , , ,0,0,108, , , , , , , , , , , , , , , , ,2402,0, , , , ,821,0, , , , , , ,5167,300,1370,1166, , , ,0, , , ,2402, ,821, , , ,0, ,0, ,0,0, , , , , , ,0,108, , , , , , ,0, , , ,0, , , , , , , ,1,0,0,0,0,0,152.862518310547,06622,00,0001,CIUDAD BAGUA,-78.528686086,-5.636217785,437.381151324
2024,06,015038,126,11,7,010201,4,3,1,20240613,1, ,2, ,1,1,1,0,1,1,0,1,1,5,4,5,3,1,2,2, ,375,1,1,2, , , , , , , , , , ,2, , , , , , , , , , ,2, , , , , , , , , , ,2, , , , , , , , , , , ,1,1,3,0,1,6, , ,1,2,1,1,1,1,0,0,0,0,0,1,0,1,0,0,0,0,0,0,2,0,1,1,1,0,0,1,1,1,1,1,0,0,0,0,0,0,0,1,1,1,0,0,0,23,133,53, , , , , , , ,123,30,0, , , ,0,0,0, , , , , , , ,0,0,0, , , , , ,0, , , , , , , , , , , , , ,0,0,0,0,0,0,0,0,0,0,0,0,4,0,0,0,362,0,0,1,01,02,29,05,2024,12,06,2024,2, ,2, ,01,01,01,01,2, ,4506, , , , ,276,0, ,1598,0, ,637,0,0, , , , , , , , , , , , , , , , , , , , , , , , , , , , ,1484,0, ,362,0, ,0,0, , , , , , ,4506,276,1598,637, , , , , , , ,1484,362,0, , , ,0, ,0, ,0,0, , , , , , , , , , , , , , ,0, ,0, ,0, , , , , , , ,1,0,0,0,0,0,152.862518310547,06622,00,0001,CIUDAD BAGUA,-78.528686086,-5.636217785,437.381151324
2024,10,015039,070,11,7,010201,4,4,1,20241017,1, ,2, ,1,3,0,1,0,1,0,1,3,5,4,2,1,2,2,6, ,255, , ,2, , , , , , , , , , ,2, , , , , , , , , , ,2, , , , , , , , , , ,2, , , , , , , , , , , ,1,1,3,0,1,3, , ,2,3,1,1,1,1,0,0,0,0,0,1,0,1,0,0,1,0,0,0,2,0,1,1,1,0,0,1,1,1,1,1,0,0,0,1,0,0,0,1,1,1,0,0,0,31,15,53, , , ,0, , , ,45,30,0, , , ,0,0,0, , , ,0, , , ,0,0,0, , , , , ,0, , , ,0, , , , , , , , , ,0,0,0,0,0,0,2,0,0,0,0,0,4,0,0,0,174,0,0,1,01,01,01,10,2024,15,10,2024,2, ,2, ,01,01,01,01,2, ,3035, , , , ,369,0, ,179,0, ,631,0,0, , , , , , , , , ,0,0,0, , , , , , , , , , , , , , , , ,543,0, ,362,0, ,0,0, , , , , , ,3035,369,179,631, , , ,0, , , ,543,362,0, , , ,0, ,0, ,0,0, , , , , , ,0,0, , , , , , ,0, ,0, ,0, , , , , , , ,1,0,0,0,0,0,138.394668579102,06596,00,0001,CIUDAD BAGUA,-78.531575684,-5.629872054,472.482905421
2024,05,015057,113,11,7,010201,4,2,3,20240509,2,1,2, ,1,1,1,0,1,1,0,1,3,5,4,2,2,3,3,2, ,270,1,1,2, , , , , , , , , , ,2, , , , , , , , , , ,2, , , , , , , , , , ,2, , , , , , , , , , , ,1,2,3,0,1,7, , ,1,4,1,1,1,1,0,0,0,0,0,1,0,1,0,0,0,0,0,0,2,0,1,1,1,0,0,1,0,1,1,1,0,0,0,0,0,0,0,1,1,1,0,0,0,14,146,57, , , , , , , ,29,0,0, , , ,0,0,0, , , , , , , ,0,0,0, , , , , ,0, , , , , , , , , , , , , ,0,0,0,0,0,0,0,0,0,0,0,3,4,0,0,0,246,0,0,1,02,02,24,04,2024,08,05,2024,2, ,2, ,02,02,02,02,2, ,3284, , , , ,170,0, ,1776,0, ,693,0,0, , , , , , , , , , , , , , , , , , , , , , , , , , , , ,349,0, ,0,0, ,0,0, , , , , , ,3284,170,1776,693, , , , , , , ,349,350.5,0, , , ,0, ,0, ,0,0, , , , , , , , , , , , , , ,0, ,0, ,0, , , , , , , ,1,0,0,0,0,0,152.862518310547,06610,00,0001,CIUDAD BAGUA,-78.533933442,-5.641462639,410.829284949
2024,07,015061,046,11,7,010201,4,3,1,20240726,1, ,2, ,3,3,1,0,1,1,0,1,1,5,4,4,3,3,2,2, ,340,3, ,2, , , , , , , , , , ,2, , , , , , , , , , ,2, , , , , , , , , , ,2, , , , , , , , , , , ,1,1,2,.100000001490116,1,16, , ,1,1,1,1,1,1,0,0,0,0,0,1,0,1,0,0,0,0,0,0,2,0,1,1,1,0,0,0,1,1,1,1,0,0,0,0,0,0,0,1,1,1,0,0,0,31,63,82, , , , , , , ,47,31,0, , , ,0,0,0, , , , , , , ,0,0,0, , , , , ,0, , , , , , , , , , , , , ,0,0,0,0,0,0,0,0,0,0,0,0,4,0,0,0,254,0,0,1,01,02,26,06,2024,10,07,2024,2, ,2, ,02,02,02,01,2, ,4098, , , , ,374,0, ,759,0, ,988,0,0, , , , , , , , , , , , , , , , , , , , , , , , , , , , ,569,0, ,375,0, ,0,0, , , , , , ,4098,374,759,988, , , , , , , ,569,375,0, , , ,0, ,0, ,0,0, , , , , , , , , , , , , , ,0, ,0, ,0, , , , , , , ,1,0,0,0,0,0,163.678207397461,06617,00,0001,CIUDAD BAGUA,-78.525372555,-5.64462032,423.753150281
2024,01,015065,111,11,7,010201,4,3,3,20240201,1,1,2, ,1,1,1,0,1,1,0,1,1,5,4,1,1,1,2,2, ,185,1,1,2, , , , , , , , , , ,2, , , , , , , , , , ,2, , , , , , , , , , ,2, , , , , , , , , , , ,1,2,3,0,1,4, , ,2,4,1,1,1,1,0,0,0,0,0,2,0,1,0,0,0,0,0,0,2,0,1,1,1,0,0,0,1,1,1,1,0,0,0,0,0,0,0,1,1,1,0,0,0,20,0,30, , , , , , , ,10,0,0, , , ,0,30,0, , , , , , , ,0,30,0, , , , , ,0, , , , , , , , , , , , , ,0,0,0,0,0,0,0,0,0,0,0,0,4,0,0,0,60,60,0,1,01,01,17,01,2024,31,01,2024,2, ,2, ,01,01,01,01,2, ,2258, , , , ,244,0, ,0,366, ,366,0,0, , , , , , , , , , , , , , , , , , , , , , , , , , , , ,118,0, ,0,354, ,0,0, , , , , , ,2258,244,0,366, , , , , , , ,118,0,0, , , ,0, ,366, ,0,0, , , , , , , , , , , , , , ,0, ,354, ,0, , , , , , , ,1,0,0,0,0,0,125.811553955078,06603,00,0001,CIUDAD BAGUA,-78.536420934,-5.634064023,434.635279349
2024,03,020675,132,11,7,010201,4,1,1,20240307,1, ,2, ,3,2,1,0,0,1,0,1,1,1,1,1,1,2,2,6, ,105, , ,2, , , , , , , , , , ,2, , , , , , , , , , ,2, , , , , , , , , , ,2, , , , , , , , , , , ,2,2,3,0,1,2, , ,1,4,1,1,2,1,0,0,0,0,0,2,0,1,0,0,1,0,0,0,6,0,1,0,1,0,0,1,0,1,1,1,0,0,0,1,0,0,0,1,0,1,0,0,0,0,0,35, , , ,0, , , ,29, ,0, , , ,13,14,0, , , ,0, , , ,0, ,0, , , , , ,0, , , ,0, , , , , , , , , ,0,0,0,0,0,0,2,0,0,0,0,0,4,0,0,0,64,27,0,2,01,01,21,02,2024,06,03,2024,2, ,2, ,01,01,01,01,2, ,1283, , , , ,0,159, ,0,171, ,428,0,0, , , , , , , , , ,0,0,0, , , , , , , , , , , , , , , , ,346,0, , , , ,0,0, , , , , , ,1283,0,0,428, , , ,0, , , ,346, ,0, , , ,159, ,171, ,0,0, , , , , , ,0,0, , , , , , ,0, , , ,0, , , , , , , ,2,0,0,0,0,0,125.811553955078,06615,00,0001,CIUDAD BAGUA,-78.529856773,-5.64212906,413.944875788
2024,10,015039,090,11,7,010201,4,4,1,20241017,1, ,2, ,1,1,0,1,0,0,0,1,3,5,4,3,2,2,2,2, ,170,2, ,2, , , , , , , , , , ,2, , , , , , , , , , ,2, , , , , , , , , , ,2, , , , , , , , , , , ,1,1,3,0,2, ,3,2,2,4,1,1,1,1,0,0,0,0,0,1,0,1,0,0,1,0,0,0,2,0,1,1,1,0,0,0,1,1,1,1,0,0,0,1,0,0,0,1,1,1,0,0,0,8,19,25, , , ,15, , , ,8,10,0, , , ,0,0,0, , , ,0, , , ,0,0,0, , , , , ,0, , , ,0, , , , , , , , , ,0,0,0,0,0,0,0,0,0,0,0,0,4,0,0,0,85,0,0,1,02,02,02,10,2024,16,10,2024,2, ,2, ,01,01,01,02,2, ,2023, , , , ,95,0, ,226,0, ,298,0,0, , , , , , , , , ,179,0,0, , , , , , , , , , , , , , , , ,97,0, ,121,0, ,0,0, , , , , , ,2023,95,226,298, , , ,179, , , ,97,121,0, , , ,0, ,0, ,0,0, , , , , , ,0,0, , , , , , ,0, ,0, ,0, , , , , , , ,1,0,0,0,0,0,138.394668579102,06596,00,0001,SECTOR CESAR VALLEJO,-78.531575684,-5.629872054,472.482905421
2024,10,015039,131,11,7,010201,4,4,1,20241017,1, ,2, ,1,1,0,1,0,1,0,1,3,5,4,2,1,2,2,6, ,105, , ,2, , , , , , , , , , ,2, , , , , , , , , , ,2, , , , , , , , , , ,2, , , , , , , , , , , ,1,1,3,0,2, ,3,2,1,3,1,1,1,1,0,0,0,0,0,2,0,1,0,0,0,0,0,0,2,0,0,1,0,0, , , ,1,1,1,0,0,0,0,0,0,0,0,1,0,0,0,0,0,0,0, , , , , , , , ,0, , , , ,26,28,54, , , , , , , , ,15, , , , , , ,0, , , , , , , , , , , , , ,0,0,0,0,0,0,0,0,0,0,0,0,0,0,0,0,0,123,0,1,01,01,02,10,2024,16,10,2024,2, ,2, ,01,01,01,01,2, ,1250, , , , ,0,309, ,0,333, ,0,643,0, , , , , , , , , , , , , , , , , , , , , , , , , , , , , , , ,0,181, , , , , , , , , ,1250,0,0,0, , , , , , , , ,0, , , , ,309, ,333, ,643,0, , , , , , , , , , , , , , , , ,181, , , , , , , , , ,1,0,0,0,0,0,138.394668579102,06596,00,0001,SECTOR CESAR VALLEJO,-78.531575684,-5.629872054,472.482905421
2024,12,015049,012,11,7,010201,4,2,1,20241207,1, ,2, ,4,3,0,1,0,0,0,1,7,5,4,1,0,2,2,2, ,40,2, ,2, , , , , , , , , , ,2, , , , , , , , , , ,2, , , , , , , , , , ,2, , , , , , , , , , , ,4, ,3,0, , , , ,1,4,1,5,5,1,0,0,0,0,0,1,0,1,0,0,1,0,1,0,2,0,1,0,1,0,0,0,1,1,1,1,0,0,0,1,0,0,0,1,0,1,1,0,0,0,40,55, , , ,0, , , ,30, ,0,0, , ,40,0,0, , , ,0, , , ,0, ,0,0, , , , ,0, , , ,0, , , , , , ,0, , ,0,0,0,0,0,0,2,0,0,0,0,0,4,2,0,0,125,40,0,4,02,02,22,11,2024,06,12,2024,2, ,2, ,02,02,02,02,2, ,472, , , , ,0,472, ,472,0, ,649,0,0, , , , , , , , , ,0,0,0, , , , , , ,0,0,0, , , , , , , ,363,0, , , , ,0,0, , , , , , ,472,0,472,649, , , ,0, , , ,363, ,0, ,0, ,472, ,0, ,0,0, , , , , , ,0,0, , , , , , ,0, , , ,0, ,0,0, , , , ,5,0,0,0,0,0,318.304809570313,48503,00,0001,SECTOR NUEVO BAGUA,-78.536601216,-5.623068918,533.080087703
2024,12,015147,001,11,7,010201,7,3,5,20241212,1, ,2, ,3,3,0,1,0,1,0,1,3,6,4,1,0,2,2,2, ,20,2, ,2, , , , , , , , , , ,2, , , , , , , , , , ,2, , , , , , , , , , ,2, , , , , , , , , , , ,4, ,3,0, , , , ,1,3,1,4,4,1,0,0,0,0,0,1,0,1,0,0,1,0,0,0,6,0,0,0,0,1, , , ,1,1,1,0,0,0,1,0,0,0,0,0,0,0,0,0,0,7,25, , , ,0, , , , , , , , , ,43,0,0, , , ,0, , , , , , , , , , , ,0, , , ,0, , , , , , , , , ,0,0,0,0,0,0,2,0,0,0,0,0,0,0,0,0,32,43,0,4,01,01,27,11,2024,11,12,2024,2, ,2, ,01,01,01,01,2, ,236, , , , ,0,508, ,83,0, ,295,0,0, , , , , , , , , ,0,0,0, , , , , , , , , , , , , , , , , , , , , , , , , , , , , , ,236,0,83,295, , , ,0, , , , , , , , , ,508, ,0, ,0,0, , , , , , ,0,0, , , , , , , , , , , , , , , , , , ,4,0,0,0,0,0,71.17578125,06641,00,0002,CASERIO RENTEMA,-78.554812142,-5.504277434,411
2024,12,015147,102,11,7,010201,7,3,5,20241213,1, ,1,010201,3,3,0,0,0,0,1,1,3,6,4,2,1,2,2,2, ,40,2, ,2, , , , , , , , , , ,2, , , , , , , , , , ,2, , , , , , , , , , ,2, , , , , , , , , , , ,1,1,3,0,2, ,5,24,1,3,1,3,7,1,0,0,0,0,0,1,0,1,0,0,1,0,0,0,6,0,1,0,1,0,0,0,1,1,1,1,0,0,0,1,0,0,0,1,0,1,0,0,0,10,6,31, , , ,0, , , ,10, ,0, , , ,0,0,0, , , ,0, , , ,0, ,0, , , , , ,0, , , ,47, , , , , , , , , ,0,0,0,0,0,0,0,0,0,0,0,0,4,0,0,0,57,0,47,1,01,01,28,11,2024,12,12,2024,2, ,2, ,01,01,01,01,2, ,472, , , , ,118,0, ,71,0, ,366,0,0, , , , , , , , , ,0,0,555, , , , , , , , , , , , , , , , ,121,0, , , , ,0,0, , , , , , ,472,118,71,366, , , ,0, , , ,121, ,0, , , ,0, ,0, ,0,0, , , , , , ,0,555, , , , , , ,0, , , ,0, , , , , , , ,10,0,0,0,0,0,71.17578125,06641,00,0004,CASERIO NARANJOS,-78.495871532,-5.494456533,1290
2024,08,015045,008,11,7,010201,4,1,1,20240731,1, ,2, ,1,3,1,0,1,1,0,1,1,5,1,1,0,3,3,6, ,85, , ,2, , , , , , , , , , ,2, , , , , , , , , , ,2, , , , , , , , , , ,2, , , , , , , , , , , ,7, ,3,0, , , , ,2,3,2, ,4,1,0,0,0,0,0,2,0,0,0,0,1,0,0,0,6,0,1,1,1,0,0,0,1,1,1,0,0,0,0,1,0,0,0,1,1,1,0,0,0,0,10, , , , ,0, , , ,3,0,0, , , ,0,0, , , , ,0, , , ,0,10,0, , , , , , , , , ,0, , , , , , , , , ,2,0,0,0,0,0,2,0,0,0,0,0,4,0,0,0,13,10,0,7,01,01,16,07,2024,30,07,2024,2, ,2, ,01,01,01,01,2, ,1024, , , , ,0,0, ,121,0, , , , , , , , , , , , , ,0,0,0, , , , , , , , , , , , , , , , ,36,0, ,0,121, ,0,0, , , , , , ,1024,0,121, , , , ,0, , , ,36,0,0, , , ,0, ,0, , , , , , , , , ,0,0, , , , , , ,0, ,121, ,0, , , , , , , ,4,0,0,0,0,0,302.895935058594,06638,01,0044,CENTRO POBLADO MENOR TOMAQUE,-78.504127711,-5.649134977,478.211138022
2024,08,015045,018,11,7,010201,4,1,1,20240825,1, ,2, ,3,3,1,0,1,1,0,1,3,6,4,2,1,2,2,6, ,140, , ,2, , , , , , , , , , ,2, , , , , , , , , , ,2, , , , , , , , , , ,2, , , , , , , , , , , ,1,1,3,0,2, ,3,3,2,3,1,3,1,1,0,0,0,0,0,1,0,1,0,0,1,0,0,0,2,0,1,1,1,0,0,1,1,1,1,1,0,0,0,1,0,0,0,1,1,1,0,0,0,10,40,24, , , ,0, , , ,35,35,0, , , ,0,0,0, , , ,0, , , ,0,0,0, , , , , ,0, , , ,0, , , , , , , , , ,0,0,0,0,0,0,2,0,0,0,0,0,4,0,0,0,144,0,0,1,01,02,10,08,2024,24,08,2024,2, ,2, ,01,01,01,01,2, ,1674, , , , ,120,0, ,478,0, ,287,0,0, , , , , , , , , ,0,0,0, , , , , , , , , , , , , , , , ,419,0, ,419,0, ,0,0, , , , , , ,1674,120,478,287, , , ,0, , , ,419,419,0, , , ,0, ,0, ,0,0, , , , , , ,0,0, , , , , , ,0, ,0, ,0, , , , , , , ,1,0,0,0,0,0,302.895935058594,06638,01,0044,PUEBLO TOMAQUE,-78.504127711,-5.649134977,478.211138022
2024,11,015140,061,11,7,010201,7,1,5,20241101,1, ,2, ,3,3,0,1,0,1,0,1,3,5,4,3,2,2,2,2, ,25,2, ,2, , , , , , , , , , ,2, , , , , , , , , , ,2, , , , , , , , , , ,2, , , , , , , , , , , ,1,1,3,0,1,4, , ,1,3,1,3,7,1,0,0,0,0,0,1,0,1,0,0,1,0,0,0,6,0,1,0,1,0,0,0,1,1,1,1,0,0,0,1,0,0,0,1,0,1,0,0,0,7,18,51, , , ,0, , , ,28, ,0, , , ,0,0,0, , , ,0, , , ,0, ,0, , , , , ,0, , , ,0, , , , , , , , , ,0,0,0,0,0,0,2,0,0,0,0,0,4,0,0,0,104,0,0,1,02,02,17,10,2024,31,10,2024,2, ,2, ,02,02,02,02,2, ,297, , , , ,83,0, ,214,0, ,607,0,0, , , , , , , , , ,0,0,0, , , , , , , , , , , , , , , , ,338,0, , , , ,0,0, , , , , , ,297,83,214,607, , , ,0, , , ,338, ,0, , , ,0, ,0, ,0,0, , , , , , ,0,0, , , , , , ,0, , , ,0, , , , , , , ,10,0,0,0,0,0,71.17578125,06652,00,0046,CENTRO POBLADO MENOR PECA PALACIOS,-78.487106619,-5.669767785,496
2024,11,015140,062,11,7,010201,7,1,5,20241031,1, ,1,140101,3,3,0,1,0,1,0,1,3,6,4,3,2,2,2,2, ,40,1,1,2, , , , , , , , , , ,2, , , , , , , , , , ,2, , , , , , , , , , ,2, , , , , , , , , , , ,1,1,3,0,1,5, , ,1,3,1,3,4,1,0,0,0,0,0,1,0,1,0,0,1,0,0,0,6,0,1,1,1,0,0,1,0,1,1,1,0,0,0,1,0,0,0,1,1,1,0,0,0,7,13,49, , , ,0, , , ,78,30,0, , , ,0,0,0, , , ,0, , , ,0,0,0, , , , , ,0, , , ,0, , , , , , , , , ,0,0,0,0,0,0,2,0,0,0,0,0,4,0,0,0,177,0,0,1,02,02,16,10,2024,30,10,2024,2, ,2, ,02,02,02,02,2, ,476, , , , ,83,0, ,155,0, ,583,0,0, , , , , , , , , ,0,0,0, , , , , , , , , , , , , , , , ,942,0, ,362,0, ,0,0, , , , , , ,476,83,155,583, , , ,0, , , ,942,362,0, , , ,0, ,0, ,0,0, , , , , , ,0,0, , , , , , ,0, ,0, ,0, , , , , , , ,4,0,0,0,0,0,71.17578125,06652,00,0046,CENTRO POBLADO MENOR PECA PALACIOS,-78.487106619,-5.669767785,496
2024,03,015133,095,11,7,010202,7,3,5,20240322,1, ,2, ,4,3,0,1,0,1,0,1,7,6,4,3,2,2,2,2, ,75,2, ,2, , , , , , , , , , ,2, , , , , , , , , , ,2, , , , , , , , , , ,2, , , , , , , , , , , ,1,1,3,0,2, ,4,10,1,3,2, ,7,1,0,0,0,0,0,1,0,1,0,0,1,0,0,0,2,0,1,0,1,0,0,0,1,1,1,1,0,0,0,1,0,0,0,1,0,1,0,0,0,0,5,50, , , ,0, , , ,10, ,0, , , ,0,0,0, , , ,0, , , ,0, ,0, , , , , ,0, , , ,47, , , , , , , , , ,2,0,0,0,0,0,0,0,0,0,0,0,4,0,0,0,65,0,47,1,01,01,07,03,2024,21,03,2024,2, ,2, ,01,01,01,01,2, ,916, , , , ,0,0, ,61,0, ,611,0,0, , , , , , , , , ,0,0,574, , , , , , , , , , , , , , , , ,119,0, , , , ,0,0, , , , , , ,916,0,61,611, , , ,0, , , ,119, ,0, , , ,0, ,0, ,0,0, , , , , , ,0,574, , , , , , ,0, , , ,0, , , , , , , ,10,1,0,0,0,0,65.2061309814453,45070,00,0021,COMUNIDAD NATIVA TUTUMBEROS,-78.45452,-5.33631,356
2024,10,015143,009,11,7,010202,8,4,5,20241017,1, ,2, ,1,3,1,0,0,1,0,1,1,5,4,2,1,2,2,2, ,60,2, ,2, , , , , , , , , , ,2, , , , , , , , , , ,2, , , , , , , , , , ,2, , , , , , , , , , , ,1,2,3,0,2, ,2,24,2,3,2, ,6,1,0,0,0,0,0,1,0,1,0,0,1,0,0,0,2,0,1,0,1,0,0,1,0,1,1,1,0,0,0,1,0,0,0,1,0,1,0,0,0,0,0,25, , , ,0, , , ,0, ,0, , , ,0,8,0, , , ,0, , , ,28, ,0, , , , , ,0, , , ,0, , , , , , , , , ,2,0,0,0,0,0,2,0,0,0,0,0,4,0,0,0,25,36,0,1,01,01,02,10,2024,16,10,2024,2, ,2, ,01,01,01,01,2, ,714, , , , ,0,0, ,0,95, ,298,0,0, , , , , , , , , ,0,0,0, , , , , , , , , , , , , , , , ,0,338, , , , ,0,0, , , , , , ,714,0,0,298, , , ,0, , , ,0, ,0, , , ,0, ,95, ,0,0, , , , , , ,0,0, , , , , , ,338, , , ,0, , , , , , , ,6,0,0,1,0,0,71.17578125,06562,00,0024,CENTRO POBLADO MENOR PERLA MAYO,-78.452891667,-5.374126667,388
2024,10,015143,012,11,7,010202,8,4,5,20241017,1, ,2, ,1,1,1,0,0,1,0,1,1,5,4,2,1,2,2,2, ,35,2, ,2, , , , , , , , , , ,2, , , , , , , , , , ,2, , , , , , , , , , ,2, , , , , , , , , , , ,1,2,3,0,1,24, , ,1,1,2, ,6,1,0,0,0,0,0,1,0,1,0,0,0,0,0,0,2,0,0,0,0,1, , , ,1,1,1,0,0,0,0,0,0,0,0,0,0,0,0,0,0,9,47, , , , , , , , , , , , , ,0,0,8, , , , , , , , , , , , , , , ,0, , , , , , , , , , , , , ,2,0,0,0,0,0,0,0,0,0,0,0,0,0,0,0,56,8,0,1,01,01,02,10,2024,16,10,2024,2, ,2, ,01,01,01,01,2, ,417, , , , ,0,0, ,107,0, ,559,95,0, , , , , , , , , , , , , , , , , , , , , , , , , , , , , , , , , , , , , , , , , , ,417,0,107,559, , , , , , , , , , , , , ,0, ,0, ,95,0, , , , , , , , , , , , , , , , , , , , , , , , , , ,6,0,0,1,0,0,71.17578125,06562,00,0024,CENTRO POBLADO MENOR PERLAMAYO,-78.452891667,-5.374126667,388
2024,10,015143,063,11,7,010202,8,4,5,20241019,1, ,2, ,4,3,1,0,0,1,0,1,7,6,4,3,2,2,2,2, ,60,2, ,2, , , , , , , , , , ,2, , , , , , , , , , ,2, , , , , , , , , , ,2, , , , , , , , , , , ,1,1,3,0,1,24, , ,1,1,2, ,6,1,0,0,0,0,0,1,0,1,0,0,1,0,0,0,6,0,1,1,1,0,0,0,1,1,1,1,0,0,0,1,0,0,0,1,1,1,0,0,0,0,27,24, , , ,0, , , ,14,48,0, , , ,0,0,0, , , ,0, , , ,0,0,0, , , , , ,0, , , ,0, , , , , , , , , ,2,0,0,0,0,0,2,0,0,0,0,0,4,0,0,0,113,0,0,1,01,01,04,10,2024,18,10,2024,2, ,2, ,01,01,01,01,2, ,714, , , , ,0,0, ,321,0, ,286,0,0, , , , , , , , , ,0,0,0, , , , , , , , , , , , , , , , ,169,0, ,580,0, ,0,0, , , , , , ,714,0,321,286, , , ,0, , , ,169,580,0, , , ,0, ,0, ,0,0, , , , , , ,0,0, , , , , , ,0, ,0, ,0, , , , , , , ,6,1,0,1,0,0,71.17578125,06562,00,0027,CASERIO CHINGANZA,-78.45102,-5.362803333,374
2024,01,020589,002,11,7,010202,7,3,5,20240201,1, ,1,010202,4,3,0,0,0,0,1,1,7,6,4,3,1,2,2,2, ,40,2, ,2, , , , , , , , , , ,2, , , , , , , , , , ,2, , , , , , , , , , ,2, , , , , , , , , , , ,1,2,3,0,1,24, , ,1,3,2, ,4,1,0,0,0,0,0,1,0,1,0,0,1,0,1,0,6,0,1,0,1,0,0,1,0,1,1,1,0,0,0,1,0,0,0,1,0,1,1,0,0,0,13,14, , , ,0, , , ,30, ,0,0, , ,0,0,0, , , ,0, , , ,0, ,0,0, , , , ,0, , , ,56, , , , , , ,0, , ,2,0,0,0,0,0,0,0,0,0,0,0,4,2,0,0,57,0,56,1,02,02,16,01,2024,30,01,2024,2, ,2, ,02,02,02,02,2, ,488, , , , ,0,0, ,159,0, ,171,0,0, , , , , , , , , ,0,0,684, , , , , , ,0,0,0, , , , , , , ,354,0, , , , ,0,0, , , , , , ,488,0,159,171, , , ,0, , , ,354, ,0, ,0, ,0, ,0, ,0,0, , , , , , ,0,684, , , , , , ,0, , , ,0, ,0,0, , , , ,4,1,0,0,0,0,65.2061309814453,06566,00,0030,CASERIO SAN FRANCISCO,-78.416705,-5.388108333,837
2024,01,020589,091,11,7,010202,7,3,5,20240203,1, ,2, ,3,3,0,1,0,1,0,1,4,6,4,2,0,2,2,2, ,40,2, ,2, , , , , , , , , , ,2, , , , , , , , , , ,2, , , , , , , , , , ,2, , , , , , , , , , , ,1,2,3,0,1,24, , ,1,1,2, ,7,1,0,0,0,0,0,1,0,1,0,0,1,0,1,0,6,0,1,0,1,0,0,0,1,1,1,1,0,0,0,1,0,0,0,1,0,1,1,0,0,0,6,50, , , ,0, , , ,23, ,0,0, , ,0,0,0, , , ,0, , , ,10, ,0,0, , , , ,0, , , ,0, , , , , , ,0, , ,2,0,0,0,0,0,2,0,0,0,0,0,4,2,0,0,79,10,0,1,02,02,18,01,2024,01,02,2024,2, ,2, ,01,02,02,02,2, ,488, , , , ,0,0, ,73,0, ,610,0,0, , , , , , , , , ,0,0,0, , , , , , ,0,0,0, , , , , , , ,272,118, , , , ,0,0, , , , , , ,488,0,73,610, , , ,0, , , ,272, ,0, ,0, ,0, ,0, ,0,0, , , , , , ,0,0, , , , , , ,118, , , ,0, ,0,0, , , , ,10,0,0,0,0,0,65.2061309814453,06566,00,0039,CASERIO GUAYAQUIL,-78.386581667,-5.429615,1000
2024,08,015183,023,11,7,010202,8,4,5,20240822,1, ,2, ,3,3,0,1,0,1,0,1,3,6,4,1,0,2,2,2, ,80,2, ,2, , , , , , , , , , ,2, , , , , , , , , , ,2, , , , , , , , , , ,2, , , , , , , , , , , ,1,1,3,0,1,24, , ,1,3,2, ,5,1,0,0,0,0,0,2,0,0,0,0,1,0,0,0,6,0,0,0,0,1, , , ,1,1,0,0,0,0,1,0,0,0,0,0,0,0,0,0,0,0, , , , ,0, , , , , , , , , ,0,5, , , , ,31, , , , , , , , , , , , , , , ,0, , , , , , , , , ,2,0,0,0,0,0,0,0,0,0,0,0,0,0,0,0,0,36,0,1,01,01,07,08,2024,21,08,2024,2, ,2, ,01,01,01,01,2, ,957, , , , ,0,0, ,0,60, , , , , , , , , , , , , ,0,371,0, , , , , , , , , , , , , , , , , , , , , , , , , , , , , , ,957,0,0, , , , ,0, , , , , , , , , ,0, ,60, , , , , , , , , ,371,0, , , , , , , , , , , , , , , , , , ,5,0,0,0,0,0,56.599250793457,06577,00,0072,CASERIO CAMPO BONITO,-78.447241667,-5.508011667,943
2024,10,015062,014,11,7,010203,5,3,3,20241010,1,1,2, ,1,1,0,1,0,1,0,1,1,5,4,1,0,2,2,2, ,100,2, ,2, , , , , , , , , , ,2, , , , , , , , , , ,2, , , , , , , , , , ,2, , , , , , , , , , , ,1,1,3,0,1,5, , ,2,3,1,2,1,1,0,0,0,0,0,1,0,1,0,0,1,0,0,0,2,0,1,1,1,0,0,0,1,1,1,1,0,0,0,1,0,0,0,1,1,1,0,0,0,5,9,55, , , ,0, , , ,20,10,0, , , ,0,0,0, , , ,0, , , ,0,0,0, , , , , ,0, , , ,0, , , , , , , , , ,0,0,0,0,0,0,2,0,0,0,0,0,4,0,0,0,99,0,0,1,02,02,25,09,2024,09,10,2024,2, ,2, ,02,02,02,02,2, ,1190, , , , ,60,0, ,107,0, ,655,0,0, , , , , , , , , ,0,0,0, , , , , , , , , , , , , , , , ,242,0, ,121,0, ,0,0, , , , , , ,1190,60,107,655, , , ,0, , , ,242,121,0, , , ,0, ,0, ,0,0, , , , , , ,0,0, , , , , , ,0, ,0, ,0, , , , , , , ,1,0,0,0,0,0,138.394668579102,06583,01,0001,PUEBLO COPALLIN,-78.424771281,-5.675426768,676.38216414
2024,12,020766,043,11,7,010205,7,1,5,20241205,1, ,2, ,4,3,0,1,0,0,0,1,7,6,4,3,1,2,2,2, ,40,2, ,2, , , , , , , , , , ,2, , , , , , , , , , ,2, , , , , , , , , , ,2, , , , , , , , , , , ,1,1,3,0,1,24, , ,1,3,2, ,4,0,0,0,0,1,0, ,0,0,0,0,1,0,0,0,6,0,1,0,1,0,0,0,1,1,0,0,0,0,0,1,0,0,0,1,0,1,1,0,0,0, , , , , ,0, , , ,11, ,0,0, , ,0, , , , , ,0, , , ,0, ,0,0, , , , , , , , ,48, , , , , , ,0, , ,2,0,0,0,0,0,0,0,0,0,0,0,4,2,0,0,11,0,48,1,01,01,20,11,2024,04,12,2024,2, ,2, ,01,01,01,01,2, ,472, , , , ,0,0, , , , , , , , , , , , , , , , ,0,0,567, , , , , , ,0,0,0, , , , , , , ,133,0, , , , ,0,0, , , , , , ,472,0, , , , , ,0, , , ,133, ,0, ,0, ,0, , , , , , , , , , , ,0,567, , , , , , ,0, , , ,0, ,0,0, , , , ,4,1,0,0,0,0,103.649276733398,06531,00,0008,COMUNIDAD NATIVA CENTRO WAWIK,-78.19807,-4.807915,245
2024,03,015107,059,11,7,010205,7,1,5,20240307,1, ,2, ,4,3,0,1,0,0,0,5,9,6,7,2,1, , ,2, ,20,2, ,2, , , , , , , , , , ,2, , , , , , , , , , ,2, , , , , , , , , , ,2, , , , , , , , , , , ,8, ,3,0, , , , ,1,3, , ,5,0,0,1,0,0,0, ,0,0,0,0,1,0,0,0,6,0,0,0,0,1, , , ,0,0,0,0,1,0,1,0,0,0,0,0,0,0,0,0, , , , ,4, ,0, , , , , , , , , , , , , ,0, ,0, , , , , , , , , , , , , ,0, ,73, , , , , , , , , ,0,0,0,0,0,0,0,0,0,0,0,0,0,0,0,0,4,0,73,9,02,02,21,02,2024,06,03,2024,2, ,2, ,02,02,02,02,2, ,244, , , , , , , , , , , , , , , , ,49,0,0, , , ,0,0,892, , , , , , , , , , , , , , , , , , , , , , , , , , , , , , ,244, , , , ,49, ,0, , , , , , , , , , , , , , , , , ,0,0, , ,0,892, , , , , , , , , , , , , , , , , , ,5,1,0,0,0,0,65.2061309814453,06532,00,0017,COMUNIDAD NATIVA NUEVO BELEN,-78.188201667,-4.840836667,252
2024,03,015107,060,11,7,010205,7,1,5,20240307,1, ,2, ,4,3,0,1,0,0,0,1,9,6,4,1,1,2,2,2, ,80,2, ,2, , , , , , , , , , ,2, , , , , , , , , , ,2, , , , , , , , , , ,2, , , , , , , , , , , ,8, ,3,0, , , , ,2,3, , ,5,0,0,0,0,0,1, ,0,0,0,0,1,0,0,0,6,0,0,0,0,1, , , ,0,0,0,0,0,0,1,0,0,0,0,0,0,0,0,0, , , , , , ,0, , , , , , , , , , , , , , , ,0, , , , , , , , , , , , , , , ,0, , , , , , , , , ,0,0,0,0,0,0,2,0,0,0,0,0,0,0,0,0,0,0,0,9,01,01,21,02,2024,06,03,2024,2, ,2, ,01,01,01,01,2, ,977, , , , , , , , , , , , , , , , , , , , , , ,0,0,0, , , , , , , , , , , , , , , , , , , , , , , , , , , , , , ,977, , , , , , ,0, , , , , , , , , , , , , , , , , , , , , ,0,0, , , , , , , , , , , , , , , , , , ,5,1,0,0,0,0,65.2061309814453,06532,00,0017,COMUNIDAD NATIVA NUEVO BELEN,-78.188201667,-4.840836667,252
2024,03,015173,032,11,7,010205,7,4,3,20240328,1,1,2, ,4,3,0,0,0,0,1,1,7,6,4,2,1,2,2,6, ,30, , ,2, , , , , , , , , , ,2, , , , , , , , , , ,2, , , , , , , , , , ,2, , , , , , , , , , , ,7, ,3,0, , , , ,2,3,2, ,5,1,0,0,0,0,0,2,0,1,0,0,1,0,0,0,6,0,0,0,0,1, , , ,1,1,1,0,0,0,1,0,0,0,0,0,0,0,0,0,0,10,25, , , ,0, , , , , , , , , ,0,0,0, , , ,0, , , , , , , , , , , ,0, , , ,0, , , , , , , , , ,2,0,0,0,0,0,2,0,0,0,0,0,0,0,0,0,35,0,0,7,01,01,13,03,2024,27,03,2024,2, ,2, ,01,01,01,01,2, ,366, , , , ,0,0, ,122,0, ,305,0,0, , , , , , , , , ,0,0,0, , , , , , , , , , , , , , , , , , , , , , , , , , , , , , ,366,0,122,305, , , ,0, , , , , , , , , ,0, ,0, ,0,0, , , , , , ,0,0, , , , , , , , , , , , , , , , , , ,5,1,0,0,0,0,65.2061309814453,06537,00,0020,CASERIO NUEVA ESPERANZA,-78.150315087,-4.918652711,498.8
2024,03,015173,127,11,7,010205,7,4,3,20240329,1,1,2, ,4,2,0,1,0,0,0,1,7,6,4,1,0,2,2,2, ,30,2, ,2, , , , , , , , , , ,2, , , , , , , , , , ,2, , , , , , , , , , ,2, , , , , , , , , , , ,1,1,3,0,1,24, , ,1,3,2, ,5,0,0,1,0,0,0, ,0,1,0,0,1,0,0,0,6,0,1,0,1,0,0,0,1,1,0,1,0,1,0,1,0,0,0,1,0,1,0,0,0,0, ,19, ,15, ,0, , , ,16, ,0, , , ,0, ,0, ,0, ,0, , , ,0, ,0, , , , , ,0, ,0, ,63, , , , , , , , , ,2,0,0,0,0,0,0,0,0,0,0,0,4,0,0,0,50,0,63,1,02,02,14,03,2024,28,03,2024,2, ,2, ,02,02,02,02,2, ,366, , , , ,0,0, , , , ,232,0,0, , , ,183,0,0, , , ,0,0,770, , , , , , , , , , , , , , , , ,191,0, , , , ,0,0, , , , , , ,366,0, ,232, ,183, ,0, , , ,191, ,0, , , ,0, , , ,0,0, , ,0,0, , ,0,770, , , , , , ,0, , , ,0, , , , , , , ,5,1,1,0,0,0,65.2061309814453,06537,00,0025,SECTOR SUWA BICHANAK,-78.197268333,-4.939358333,297
2024,03,015107,163,11,7,010205,7,1,5,20240308,1, ,2, ,4,3,0,1,0,0,0,1,7,4,4,4,3,2,2,2, ,130,2, ,2, , , , , , , , , , ,2, , , , , , , , , , ,2, , , , , , , , , , ,2, , , , , , , , , , , ,1,2,3,0,1,7, , ,1,3,2, ,4,1,0,0,0,0,0,1,0,1,0,0,1,0,1,0,2,0,1,0,1,0,0,0,1,1,1,1,0,0,0,1,0,0,0,1,0,1,1,0,0,0,12,52, , , ,0, , , ,10, ,0,0, , ,0,0,0, , , ,0, , , ,0, ,0,0, , , , ,0, , , ,0, , , , , , ,0, , ,2,0,0,0,0,0,2,0,0,0,0,0,4,2,0,0,74,0,0,1,01,01,22,02,2024,07,03,2024,2, ,2, ,01,01,01,01,2, ,1588, , , , ,0,0, ,147,0, ,635,0,0, , , , , , , , , ,0,0,0, , , , , , ,0,0,0, , , , , , , ,119,0, , , , ,0,0, , , , , , ,1588,0,147,635, , , ,0, , , ,119, ,0, ,0, ,0, ,0, ,0,0, , , , , , ,0,0, , , , , , ,0, , , ,0, ,0,0, , , , ,4,0,0,0,0,0,65.2061309814453,06532,00,0049,CASERIO AGUAS TURBIAS,-78.218898333,-4.9652,360
2024,04,015157,041,11,7,010205,8,3,3,20240418,1,2,1,200101,4,3,0,1,0,1,0,1,7,6,4,4,1,2,2,2, ,50,2, ,2, , , , , , , , , , ,2, , , , , , , , , , ,2, , , , , , , , , , ,2, , , , , , , , , , , ,1,2,3,0,1,24, , ,1,1,1,3,6,1,0,0,0,0,0,1,0,1,0,0,1,0,1,0,6,0,1,0,1,0,0,1,1,1,1,1,0,0,0,1,0,0,0,1,0,1,1,0,0,4,4,17, , , ,0, , , ,48, ,0,0, , ,0,0,0, , , ,19, , , ,0, ,0,0, , , , ,0, , , ,0, , , , , , ,0, , ,0,0,0,0,0,0,0,0,0,0,0,0,4,2,0,0,73,19,0,1,01,01,03,04,2024,17,04,2024,2, ,2, ,01,01,01,01,2, ,609, , , , ,49,0, ,49,0, ,207,0,0, , , , , , , , , ,0,231,0, , , , , , ,0,0,0, , , , , , , ,573,0, , , , ,0,0, , , , , , ,609,49,49,207, , , ,0, , , ,573, ,0, ,0, ,0, ,0, ,0,0, , , , , , ,231,0, , , , , , ,0, , , ,0, ,0,0, , , , ,6,1,0,1,0,0,65.3573379516602,06538,00,0050,CASERIO KUSU GRANDE,-78.264031667,-5.047211667,305
2024,07,015113,099,11,7,010205,7,3,5,20240711,1, ,2, ,4,3,0,1,0,1,0,1,7,6,4,4,2,2,2,6, ,35, , ,2, , , , , , , , , , ,2, , , , , , , , , , ,2, , , , , , , , , , ,2, , , , , , , , , , , ,1,1,3,0,1,24, , ,1,1,2, ,7,1,0,0,0,0,0,1,0,1,0,0,1,0,0,0,6,0,1,0,1,0,0,0,1,1,1,1,0,0,0,1,0,0,0,1,0,1,0,0,0,0,25,26, , , ,0, , , ,10, ,0, , , ,0,0,0, , , ,0, , , ,0, ,0, , , , , ,0, , , ,30, , , , , , , , , ,2,0,0,0,0,0,0,0,0,0,0,0,4,0,0,0,61,0,30,1,01,01,26,06,2024,10,07,2024,2, ,2, ,01,01,01,01,2, ,422, , , , ,0,0, ,301,0, ,313,0,0, , , , , , , , , ,0,0,362, , , , , , , , , , , , , , , , ,121,0, , , , ,0,0, , , , , , ,422,0,301,313, , , ,0, , , ,121, ,0, , , ,0, ,0, ,0,0, , , , , , ,0,362, , , , , , ,0, , , ,0, , , , , , , ,10,1,0,0,0,0,56.599250793457,06548,00,0072,COMUNIDAD NATIVA NAZARETH,-78.321043333,-5.137775,308
2024,09,015127,015,11,7,010205,7,3,5,20240911,1, ,2, ,4,3,0,1,0,0,0,1,7,6,4,3,1,2,2,2, ,50,2, ,2, , , , , , , , , , ,2, , , , , , , , , , ,2, , , , , , , , , , ,2, , , , , , , , , , , ,1,2,3,0,2, ,2,2,2,3,2, ,5,0,0,0,0,0,1, ,0,0,0,0,1,0,0,0,6,0,1,0,1,0,0,0,1,1,0,0,0,0,0,1,0,0,0,1,0,1,0,0,0,0, , , , , ,0, , , ,4, ,0, , , ,0, , , , , ,0, , , ,0, ,0, , , , , , , , , ,0, , , , , , , , , ,2,0,0,0,0,0,2,0,0,0,0,0,4,0,0,0,4,0,0,1,01,02,27,08,2024,10,09,2024,2, ,2, ,01,01,01,01,2, ,596, , , , ,0,0, , , , , , , , , , , , , , , , ,0,0,0, , , , , , , , , , , , , , , , ,48,0, , , , ,0,0, , , , , , ,596,0, , , , , ,0, , , ,48, ,0, , , ,0, , , , , , , , , , , ,0,0, , , , , , ,0, , , ,0, , , , , , , ,5,1,0,0,0,0,70.7647705078125,06549,00,0075,COMUNIDAD NATIVA YUPICUSA,-78.379585,-5.191758333,299
2024,09,015127,105,11,7,010205,7,3,5,20240911,1, ,2, ,4,3,0,1,0,0,0,1,7,6,4,2,1,2,2,2, ,20,2, ,2, , , , , , , , , , ,2, , , , , , , , , , ,2, , , , , , , , , , ,2, , , , , , , , , , , ,1,2,3,0,2, ,3,2,2,3,2, ,5,0,0,0,0,0,1, ,0,0,0,0,1,0,0,0,6,0,0,0,0,1, , , ,1,0,0,0,0,0,1,0,0,0,0,0,0,0,0,0,0, , , , , ,0, , , , , , , , , ,0, , , , , ,0, , , , , , , , , , , , , , , ,57, , , , , , , , , ,2,0,0,0,0,0,0,0,0,0,0,0,0,0,0,0,0,0,57,1,02,02,27,08,2024,10,09,2024,2, ,2, ,02,02,02,02,2, ,238, , , , ,0,0, , , , , , , , , , , , , , , , ,0,0,680, , , , , , , , , , , , , , , , , , , , , , , , , , , , , , ,238,0, , , , , ,0, , , , , , , , , ,0, , , , , , , , , , , ,0,680, , , , , , , , , , , , , , , , , , ,5,1,0,0,0,0,70.7647705078125,06549,00,0075,COMUNIDAD NATIVA YUPICUSA,-78.379585,-5.191758333,299
2024,05,015167,256,11,7,010205,7,4,3,20240523,1,1,2, ,4,3,0,0,0,0,1,5,7,6,7,1,0, , ,2, ,10,2, ,2, , , , , , , , , , ,2, , , , , , , , , , ,2, , , , , , , , , , ,2, , , , , , , , , , , ,6, ,3,0, , , , ,1,3, , ,4,0,0,0,0,1,0, ,0,0,0,0,1,0,1,0,6,0,0,0,0,1, , , ,1,0,0,0,0,0,1,0,0,0,0,0,0,1,0,0,0, , , , , ,0, , , , , , ,0, , ,0, , , , , ,0, , , , , , ,0, , , , , , , , ,0, , , , , , ,0, , ,2,0,0,0,0,0,2,0,0,0,0,0,0,2,0,0,0,0,0,6,01,01,08,05,2024,22,05,2024,2, ,2, ,01,01,01,01,2, ,122, , , , ,0,0, , , , , , , , , , , , , , , , ,0,0,0, , , , , , ,0,0,0, , , , , , , , , , , , , , , , , , , , , ,122,0, , , , , ,0, , , , , , , ,0, ,0, , , , , , , , , , , ,0,0, , , , , , , , , , , , ,0,0, , , , ,4,1,1,0,0,1,65.3573379516602,45068,00,0120,COMUNIDAD NATIVA ALTO DAPINZA,-78.334201667,-5.132368333,452
2024,05,015167,255,11,7,010205,7,4,3,20240523,1,1,2, ,4,3,0,1,0,0,0,1,7,6,4,2,1,2,2,2, ,155,2, ,2, , , , , , , , , , ,2, , , , , , , , , , ,2, , , , , , , , , , ,2, , , , , , , , , , , ,1,2,3,0,1,24, , ,1,1,2, ,4,0,0,0,0,1,0, ,0,0,0,0,1,0,0,0,6,0,1,0,1,0,0,0,1,1,0,0,0,0,0,1,0,0,0,1,0,1,1,0,0,0, , , , , ,0, , , ,5, ,0,0, , ,0, , , , , ,0, , , ,0, ,0,0, , , , , , , , ,33, , , , , , ,0, , ,2,0,0,0,0,0,0,0,0,0,0,0,4,2,0,0,5,0,33,1,01,01,08,05,2024,22,05,2024,2, ,2, ,01,01,01,01,2, ,1885, , , , ,0,0, , , , , , , , , , , , , , , , ,0,0,401, , , , , , ,0,0,0, , , , , , , ,60,0, , , , ,0,0, , , , , , ,1885,0, , , , , ,0, , , ,60, ,0, ,0, ,0, , , , , , , , , , , ,0,401, , , , , , ,0, , , ,0, ,0,0, , , , ,4,1,0,0,0,0,65.3573379516602,45068,00,0120,COMUNIDAD NATIVA SAWIENTSA BICHANAK,-78.334201667,-5.132368333,452
2024,04,015157,095,11,7,010205,8,3,3,20240420,1,1,2, ,4,1,0,1,0,1,0,1,7,4,4,2,1,2,2,2, ,30,2, ,2, , , , , , , , , , ,2, , , , , , , , , , ,2, , , , , , , , , , ,2, , , , , , , , , , , ,1,2,3,0,1,24, , ,1,3,2, ,7,1,0,0,0,0,0,1,0,1,0,0,1,0,1,0,6,0,1,0,1,0,0,0,1,1,1,1,0,0,0,1,0,0,0,1,0,1,1,0,0,0,30,12, , , ,0, , , ,11, ,0,0, , ,0,0,0, , , ,0, , , ,0, ,0,0, , , , ,0, , , ,0, , , , , , ,0, , ,2,0,0,0,0,0,2,0,0,0,0,0,4,2,0,0,53,0,0,1,02,02,05,04,2024,19,04,2024,2, ,2, ,02,02,02,02,2, ,365, , , , ,0,0, ,365,0, ,146,0,0, , , , , , , , , ,0,0,0, , , , , , ,0,0,0, , , , , , , ,131,0, , , , ,0,0, , , , , , ,365,0,365,146, , , ,0, , , ,131, ,0, ,0, ,0, ,0, ,0,0, , , , , , ,0,0, , , , , , ,0, , , ,0, ,0,0, , , , ,7,0,0,1,0,0,65.3573379516602,06538,00,0122,CASERIO VILLA RICA,-78.225346667,-4.978221667,444
2024,12,020766,155,11,7,010205,7,1,5,20241206,1, ,2, ,4,3,0,1,0,0,0,1,7,6,4,2,1,2,2,2, ,40,2, ,2, , , , , , , , , , ,2, , , , , , , , , , ,2, , , , , , , , , , ,2, , , , , , , , , , , ,8, ,3,0, , , , ,1,3, , ,5,1,0,0,0,0,0,1,0,1,0,0,1,0,0,0,2,0,0,1,0,0, , , ,0,1,1,0,0,0,1,0,0,0,0,1,0,0,0,0, ,0,67, , , ,0, , , , ,33, , , , , ,0,0, , , ,0, , , , ,0, , , , , , ,0, , , ,33, , , , , , , , , ,0,2,0,0,0,0,0,0,0,0,0,0,0,0,0,0,100,0,33,9,02,02,21,11,2024,05,12,2024,2, ,2, ,02,02,02,02,2, ,472, , , , , , , ,0,0, ,791,0,0, , , , , , , , , ,0,0,390, , , , , , , , , , , , , , , , , , , ,399,0, , , , , , , , , ,472, ,0,791, , , ,0, , , , ,399, , , , , , ,0, ,0,0, , , , , , ,0,390, , , , , , , , ,0, , , , , , , , , ,5,1,0,0,0,0,103.649276733398,06531,00,0185,ANEXO WAGA ENTSA,-78.17427,-4.840946667,290
2024,05,015124,061,11,7,010206,8,2,5,20240508,1, ,2, ,3,3,0,1,0,1,0,1,3,6,4,1,0,2,2,2, ,40,1,1,2, , , , , , , , , , ,2, , , , , , , , , , ,2, , , , , , , , , , ,2, , , , , , , , , , , ,8, ,3,0, , , , ,2,3, , ,5,1,0,0,0,0,0,2,0,0,0,0,1,0,0,0,6,0,0,0,0,1, , , ,0,1,0,0,0,0,1,0,0,0,0,0,0,0,0,0, ,3, , , , ,0, , , , , , , , , , ,0, , , , ,0, , , , , , , , , , , , , , , ,37, , , , , , , , , ,0,0,0,0,0,0,0,0,0,0,0,0,0,0,0,0,3,0,37,9,01,01,23,04,2024,07,05,2024,2, ,2, ,01,01,01,01,2, ,487, , , , , , , ,36,0, , , , , , , , , , , , , ,0,0,450, , , , , , , , , , , , , , , , , , , , , , , , , , , , , , ,487, ,36, , , , ,0, , , , , , , , , , , ,0, , , , , , , , , ,0,450, , , , , , , , , , , , , , , , , , ,5,0,0,0,0,0,65.3573379516602,06642,00,0007,CASERIO NUEVA VICTORIA,-78.528873333,-5.539183333,457
2024,08,015138,078,11,7,010301,6,1,4,20240803,1, ,2, ,3,2,0,1,0,1,0,1,3,6,4,6,3,2,2,2, ,185,1,1,2, , , , , , , , , , ,2, , , , , , , , , , ,2, , , , , , , , , , ,2, , , , , , , , , , , ,1,2,3,0,1,24, , ,1,1,1,2,1,1,0,0,0,0,0,1,1,1,0,0,1,0,0,0,6,0,1,0,1,0,0,1,0,1,1,1,0,0,0,1,0,0,0,1,0,1,0,0,0,5,11,29, , , ,0, , , ,169, ,0, , , ,0,0,0, , , ,0, , , ,0, ,0, , , , , ,0, , , ,84, , , , , , , , , ,0,0,0,0,0,0,0,0,0,0,0,0,4,0,0,0,214,0,84,1,02,02,18,07,2024,01,08,2024,2, ,2, ,02,02,02,02,2, ,2212, , , , ,60,0, ,132,0, ,347,0,0, , , , , , , , , ,0,0,1004, , , , , , , , , , , , , , , , ,2022,0, , , , ,0,0, , , , , , ,2212,60,132,347, , , ,0, , , ,2022, ,0, , , ,0, ,0, ,0,0, , , , , , ,0,1004, , , , , , ,0, , , ,0, , , , , , , ,1,0,0,0,0,0,56.599250793457,06923,00,0001,CENTRO POBLADO MENOR JUMBILLA,-77.798138191,-5.908787402,2102.62772841
2024,04,015151,007,11,7,010301,8,4,5,20240424,1, ,2, ,4,3,1,0,0,1,0,1,7,6,4,4,3,2,2,2, ,30,2, ,2, , , , , , , , , , ,2, , , , , , , , , , ,2, , , , , , , , , , ,2, , , , , , , , , , , ,1,1,3,0,2, ,3,24,2,3,1,3,4,1,0,0,0,0,0,2,0,1,0,0,1,0,0,0,2,0,1,0,1,0,0,0,1,1,1,1,0,0,0,1,0,0,0,1,0,1,0,0,0,9,6,48, , , ,0, , , ,19, ,0, , , ,0,0,0, , , ,0, , , ,0, ,0, , , , , ,0, , , ,9, , , , , , , , , ,0,0,0,0,0,0,0,0,0,0,0,0,4,0,0,0,82,0,9,1,01,03,09,04,2024,23,04,2024,2, ,2, ,01,01,01,01,2, ,365, , , , ,110,0, ,73,0, ,585,0,0, , , , , , , , , ,0,0,110, , , , , , , , , , , , , , , , ,227,0, , , , ,0,0, , , , , , ,365,110,73,585, , , ,0, , , ,227, ,0, , , ,0, ,0, ,0,0, , , , , , ,0,110, , , , , , ,0, , , ,0, , , , , , , ,4,1,0,0,0,0,65.3573379516602,06924,00,0016,CENTRO POBLADO MENOR LAS PALMAS DE JUMBI,-77.86731208,-5.842519156,2465
2024,08,015028,086,11,4,010306,5,2,1,20240810,1, ,1,010101,1,1,0,1,0,1,0,1,3,5,4,4,3,2,2,2, ,270,1,1,2, , , , , , , , , , ,2, , , , , , , , , , ,2, , , , , , , , , , ,2, , , , , , , , , , , ,1,2,3,0,1,24, , ,1,1,1,2,1,1,0,0,0,0,0,1,0,1,0,0,1,0,0,0,2,0,1,0,1,0,0,1,0,1,1,1,0,0,0,1,0,0,0,1,0,1,0,0,0,5,15,53, , , ,20, , , ,61, ,0, , , ,0,0,0, , , ,0, , , ,0, ,0, , , , , ,0, , , ,0, , , , , , , , , ,0,0,0,0,0,0,0,0,0,0,0,0,4,0,0,0,154,0,0,1,02,02,25,07,2024,08,08,2024,2, ,2, ,02,02,02,02,2, ,3228, , , , ,60,0, ,179,0, ,634,0,0, , , , , , , , , ,239,0,0, , , , , , , , , , , , , , , , ,730,0, , , , ,0,0, , , , , , ,3228,60,179,634, , , ,239, , , ,730, ,0, , , ,0, ,0, ,0,0, , , , , , ,0,0, , , , , , ,0, , , ,0, , , , , , , ,1,0,0,0,0,0,255.607803344727,06897,01,0001,CENTRO POBLADO MENOR POMACOCHAS,-77.968834871,-5.824754956,2246.00047188
2024,09,015081,084,11,4,010306,7,3,5,20240912,1, ,2, ,4,3,1,0,1,1,0,1,9,6,4,3,2,2,2,2, ,30,1,1,2, , , , , , , , , , ,2, , , , , , , , , , ,2, , , , , , , , , , ,2, , , , , , , , , , , ,1,2,3,0,1,24, , ,1,1,2, ,1,1,0,0,0,0,0,1,0,1,0,0,1,0,0,0,6,0,1,0,1,0,0,0,1,1,1,1,0,0,0,1,0,0,0,1,0,1,0,0,0,0,12,24, , , ,0, , , ,15, ,0, , , ,0,0,0, , , ,0, , , ,0, ,0, , , , , ,0, , , ,43, , , , , , , , , ,2,0,0,0,0,0,0,0,0,0,0,0,4,0,0,0,51,0,43,1,02,02,28,08,2024,11,09,2024,2, ,2, ,02,02,02,02,2, ,358, , , , ,0,0, ,143,0, ,286,0,0, , , , , , , , , ,0,0,513, , , , , , , , , , , , , , , , ,181,0, , , , ,0,0, , , , , , ,358,0,143,286, , , ,0, , , ,181, ,0, , , ,0, ,0, ,0,0, , , , , , ,0,513, , , , , , ,0, , , ,0, , , , , , , ,1,1,0,0,0,0,80.3816604614258,06905,00,0016,CENTRO POBLADO MENOR NUEVO GUALULO,-77.910421667,-5.849351667,2417
2024,02,015115,012,11,7,010307,7,1,5,20240212,1, ,2, ,1,3,0,1,0,1,0,1,3,5,4,4,3,2,2,2, ,140,2, ,2, , , , , , , , , , ,2, , , , , , , , , , ,2, , , , , , , , , , ,2, , , , , , , , , , , ,1,2,3,0,1,24, , ,2,3,2, ,7,1,0,0,0,0,0,1,0,0,0,0,1,0,0,0,6,0,1,1,1,0,0,0,1,1,1,0,0,0,0,1,0,0,0,1,1,1,0,0,0,0,80, , , , ,0, , , ,30,30,0, , , ,0,0, , , , ,0, , , ,0,0,0, , , , , , , , , ,121, , , , , , , , , ,2,0,0,0,0,0,0,0,0,0,0,0,4,0,0,0,140,0,121,1,01,01,24,01,2024,07,02,2024,2, ,2, ,01,01,01,01,2, ,1709, , , , ,0,0, ,977,0, , , , , , , , , , , , , ,0,0,1477, , , , , , , , , , , , , , , , ,354,0, ,354,0, ,0,0, , , , , , ,1709,0,977, , , , ,0, , , ,354,354,0, , , ,0, ,0, , , , , , , , , ,0,1477, , , , , , ,0, ,0, ,0, , , , , , , ,10,0,0,0,0,0,65.2061309814453,06894,00,0023,ANEXO SEOOR DE LOS MILAGROS,-77.973862849,-5.966733718,1387
2024,04,015064,016,11,7,010307,5,2,3,20240411,1,1,2, ,3,3,0,0,0,0,1,1,3,6,3,3,1,2,2,6, ,90, , ,2, , , , , , , , , , ,2, , , , , , , , , , ,2, , , , , , , , , , ,2, , , , , , , , , , , ,1,1,3,0,1,24, , ,1,6,2, ,5,1,0,0,0,0,0,1,0,1,0,0,1,0,0,0,6,0,1,1,1,0,0,0,1,1,1,1,0,0,0,1,0,0,0,1,1,1,0,0,0,0,7,24, , , ,0, , , ,20,0,0, , , ,0,0,0, , , ,0, , , ,0,0,0, , , , , ,0, , , ,43, , , , , , , , , ,3,0,0,0,0,0,0,0,0,0,0,3,4,0,0,0,51,0,43,1,02,02,26,03,2024,09,04,2024,2, ,2, ,01,01,01,02,2, ,1096, , , , ,0,0, ,85,0, ,292,0,0, , , , , , , , , ,0,0,524, , , , , , , , , , , , , , , , ,239,0, ,0,0, ,0,0, , , , , , ,1096,182.5,85,292, , , ,0, , , ,239,244.5,0, , , ,0, ,0, ,0,0, , , , , , ,0,524, , , , , , ,0, ,0, ,0, , , , , , , ,5,0,0,0,0,0,283.740692138672,06892,00,0028,PUEBLO SAN JERONIMO,-78.002116771,-5.994021872,2169.81901338
